Species	Taxid	Name	UniqueID	Validated	HostLocalisation	Uniprot	Genbank	pdbID	Annotation	ReferenceLink	Sequence
Bipolaris maydis	5016	ToxA-like protein	ChToxA	yes	chloroplast	A0A0G2RQA9	AJI77148.1		necrotrophic effector	http://www.sciencedirect.com/science/article/pii/S1087184515001280	MWAPSILLILILGLVQAKPLSLNARELSLDGRELSLDARSVLHKRQGSCVSISRPANNPSINNIGQIDITSVVNGGPGMTWDLNNLVRVHVSREVDGSLSFDWTNTGSANRLIVTEWNSSSSTSGNGYVLLGSYGLPTGTGNICFPVGSGQGRTWKMQLED
Blumeria graminis	34373	BgAVRa1;CSEP0008	BgAVRa1	yes		N1JGD1	CCU81904		avirulence effector	https://doi.org/10.1073/pnas.1612947113	MKFYHSSFVSNLTILSLFLNINGAFSRTWQCPSGDILYEEDVYSHTNMNSFEHFPFKTIEDEVYENTSLSRGVVYKVLDVHPSSSSATTFAVFTSNKRVAVVYQQGYRNNRKFIEECT
Blumeria graminis	34373	BgAVRA13;CSEP0372	BgAVRA13	yes		N1JFM8	CCU76657		avirulence effector	https://doi.org/10.1073/pnas.1612947113	MKTFQFASIVAGLSFLKTTIAAGDGYITLGMGSIHKNDIYRVAEHMWTIDAYSVPSNNHGSYPIFGEEINGSVTRIFPIVYNGDDWRSGDFYYSVESTEDLSYIKLRYNGARYETCMVSSPE
Blumeria graminis f. sp. hordei	62688	Avr_a1	BghAvr_a1	yes	intracellular	N1JGD1	CCU81904.1		avirulence effector	http://www.pnas.org/content/113/42/E6486	MKFYHSSFVSNLTILSLFLNINGAFSRTWQCPSGDILYEEDVYSHTNMNSFEHFPFKTIEDEVYENTSLSRGVVYKVLDVHPSSSSATTFAVFTSNKRVAVVYQQGYRNNRKFIEECT
Blumeria graminis f. sp. hordei	62688	Avr_a13;CSEP0372	BghAvr_a13	yes	intracellular	N1JFM8	CCU76657.1		avirulence effector	http://www.pnas.org/content/113/42/E6486	MKTFQFASIVAGLSFLKTTIAAGDGYITLGMGSIHKNDIYRVAEHMWTIDAYSVPSNNHGSYPIFGEEINGSVTRIFPIVYNGDDWRSGDFYYSVESTEDLSYIKLRYNGARYETCMVSSPE
Blumeria graminis f. sp. hordei	62688	BEC1019	BghBEC1019	yes		A0A059UDR8	AHZ59730		virulence effector	http://apsjournals.apsnet.org/doi/10.1094/MPMI-02-15-0027-FI; https://dx.doi.org/10.3390%2Fijms20184376	MQSVLLLTVLTQSFIATASPLVERSTPLSFAEKRPQKVSYDWTTPYVKDFTIHGSCNATQTNVLRRGLEDAVTLAQHAKEHILVHGKESPIYQKYYGALPTGAVIGWFDTIATANRAGVTFRCDDPDKKCATENRWAGHWRGKDAPSETVICDVSFFERLPLEDLCSRGYKIATGKVYSYWGADLIHRMFHVDIVGQNAITHASHGYQDALNLAAGQNYTQTATNTDSLIYFAVEAYAFDISVPGEGCAGQASSIPDTKVTPTDPNALPDSIVIPSPKEPEKKDEPEKKAEPEKKAEPEALGKNCHTHDDGEVHCV
Blumeria graminis f. sp. hordei	62688	BEC2;CSEP0214	BghBEC2	yes		G9BER8	AEQ16460		probable effector	http://onlinelibrary.wiley.com/doi/10.1111/mpp.12110/full	MQLIRLLVLAFAAFVAASPYSTLSHTEGGKGGKGGKGDDDGDDDGPQTCNDALQTLPKCALQCVVQPPIDAGCKSAADFACTCEHDTNKAITKQETPCVLDHCSLQDSIGALKAGRLICDLCNVPANDTDSYNGPRSTLALVRSSPA
Blumeria graminis f. sp. hordei	62688	BEC3	BghBEC3	yes	intracellular		AEQ16461.1		probable effector	http://onlinelibrary.wiley.com/doi/10.1111/mpp.12110/full	MQFNFFAIIAFLATAALATETVTVTVCSTTSAYPSTGYSMPTSPASPSSGYGSNPAYGSNPGSGSGSGSGSTGTGAYSYPEPSNPPMPYTGSAAANGVSGMAAIAVIGGMALLI
Blumeria graminis f. sp. hordei	62688	BEC4	BghBEC4	yes	intracellular	G9BES0	AEQ16462.1		probable effector	http://onlinelibrary.wiley.com/doi/10.1111/mpp.12110/full	MKTMQTAVWGALAALVVAVTAQTGDNLPECGKRCIDNMHKKATELGCADGDAVCLCKNANFAYGIRDCSTDVCGAEAAVPVIAYAVTYCNSAGAGGSGSGSPSGSGSNSMPGMSHTGSSDSIPATASATMSLGTGLPSAVTTSAIVTTITSGSEVITSTIGSTTVYHSSHATSMSSLVSSLSSAIESSMSMSSMTGTASHTSSSTTPSSTSSDNAARQTTYAGLAAAAGLAALFL
Blumeria graminis f. sp. hordei	62688	CSEP0055;BghEfc3	BghCSEP0055	yes	apoplastic	N1JHK8	CCU77283		virulence effector	http://onlinelibrary.wiley.com/doi/10.1111/j.1364-3703.2012.00820.x/full, https://bmcgenomics.biomedcentral.com/articles/10.1186/1471-2164-11-317	MKSINQAWIVAILSFFRVSAALSYNCEGAMFSEDYVRQTLHRAVARFVPEAGSHPNADVEAEYLYFPLLSSGQLWDREQPIENYFIKCHRASRDWKVIILDNPGYHAGREENSNSRECSVIQ
Blumeria graminis f. sp. hordei	62688	CSEP0064;BEC1054	BghBEC1054	yes	intracellular	N1JJ94	CCU83233.1		RALPH effector	http://pubs.acs.org/doi/abs/10.1021/acs.jproteome.5b00732	MRPFQLLSALAIFINLEAVEAAAYWDCDGTEIPERNVRAAVVLAFNYRKESFHGYPATFIIGSTFSGVGEVRQFPVEDSDANWQGGAVKYYILTNKRGSYLEVFSSVGSGNKCTFVEG
Blumeria graminis f. sp. hordei	62688	CSEP0105	BghCSEP0105	yes	intracellular	N1J904	CCU74273		virulence effector	http://www.plantphysiol.org/content/168/1/321	MHSNRLLSCLGIWLISIIGLVQCITEYYCGNNVVISQELIQSVSEIAISELRAGVTWHTSLSGIIYRGNLCGLPNPTYRWFIQQSEDENSEVVMKYFLLVSASCEVQGVISTGWRKKLGEDDTWCTEA
Blumeria graminis f. sp. hordei	62688	CSEP0162	BghCSEP0162	yes	intracellular	N1JPG4	CCU82600		virulence effector	http://www.plantphysiol.org/content/168/1/321	MRFSRMAIIFHSASFCTTSLAAQYSRHINEELKVFHCNNDIHQEEYSRTPHYKIQDPDTIQGLNEELSYLVADTYDTRTVQFYDQDNGDYEYFNLSEICDRYQEQDGTVVIEHILVNDRQGRACAMMMIKTVIPFTNWDGQSPQRYYSLCAVGSG
Blumeria graminis f. sp. hordei	62688	ROPIP1	BghROPIP1	yes	intracellular				virulence effector	https://academic.oup.com/jxb/article/69/15/3745/4994988	MSTPVSGVPYEPPALTVESAEPRLSNNLLTSMRIPSRLRDLYRLHFSSHPPITIIMKLTTIRSDVRVEALLVTNP
Blumeria graminis f. sp. hordei	62688	bgh06532_CSEP0264_BEC1011	BghBEC1011	yes					RALPH effector	http://onlinelibrary.wiley.com/doi/10.1111/nph.14372/abstract	MRPFQLLPAITIFISLEILGVAGYWDCDDYRVPDKNVRDAAVFAFSKEKGSFHGYPITVHGASALSRLGSIRKFPVDCSEENWQGEHVNFYVLTNRDRKFIQVVYTFGDGGNCAHVQD*
Blumeria graminis f. sp. tritici	62690	AVRa10	BgtAVRa10	yes	intracellular	Q09QS3	ABH03483		avirulence effector	http://www.plantcell.org/content/18/9/2402	MDSSHSKPREKHANKKRTRVQSSKYEHHRGCAPSEGERCPRGRYGGRRSREAKNPRRFNFGILQPRRCRASLGSHRIPQKTVVAPEKRAAVPALPRPVEVRPTKEADIPTAKAAGAENSSLDQPPTAPEAAGREKIFPPELLAAIEAEERRARQKAAQFTICSTAISSVEAALQPLSTGEDKNFVDSIKVYLRAAIAQFVAAGPSTAPPVLPQRPSVGTPATVIPVAIPRNISKATAPLPLRSTWATVTRAGHQKSGAQAPANITSVSAAPSARKQEKKPAASTTA
Blumeria graminis f. sp. tritici	62690	AVRk1	BgtAVRk1	yes	intracellular	Q09QS2	ABH03482; ABH03484		avirulence effector	http://www.plantcell.org/content/18/9/2402	MIGSVEIIEKISQLPSVPHRIGELSKSPPTASKRSENAAPISAPKLMSQLKAATKAECPPELRPIVEAIQQRAAKTAANLALCSAAISGVEATLLPLTNGSNRPFVDSMRVYLRAAIAQYIATVPASTPPVLPPRLANPLPRAPDARSIQIPAVPALPLKSTRATVVKMDCHKKQFL
Blumeria graminis f. sp. tritici	62690	AvrPm2; BgtE-5845	BgtAvrPm2	yes		A0A1L5JEG4	APO13050.1		RALPH avirulence effector	http://onlinelibrary.wiley.com/doi/10.1111/nph.14372/full, http://onlinelibrary.wiley.com/doi/10.1111/nph.14386/full	MRPFQLLSAIAVFNSLKIVAGESYWDCKGIPILFRTVHAAVELAFTSQPGSISGYPSICRTTPLRTGPDERRQFPLTDTGARWQGGGITYYVEATRDKRHCEVFGTAGGVYKCTLVLRD
Blumeria graminis f. sp. tritici	62690	AvrPm3a2/f2	BgtAvrPm3a2f2	yes		A0A0P0FZ34	ALJ53448.1		avirulence effector	https://www.ncbi.nlm.nih.gov/pmc/articles/PMC4682313/	MRTFSLVSLAAILNYLTLPSAVGSGPVANASSYKCHDRVIGPVTLNDQIEKAYREALEAGTSPNGLRKGQKFGSRYFNVILKRGEENIKVEFFVGINYLKEIIYLQAYVQSVLLDCYPTTERPQLNIILH
Blumeria graminis f. sp. tritici	62690	SvrPm3a1/f1; BCG1	BgtSvrPm3a1f1	yes		A0A061HK47	EPQ67126.1		virulence effector	https://www.ncbi.nlm.nih.gov/pmc/articles/PMC4682313/	MKIFSIAAVALLVDISVSFDLIDDDDTFRNKPKIPILNRKFGMKCQTNTIYNAETIMQNLDKVYSNKLLAHLEQGSFTRFPGVVFYHYFIGQSNISEQGYYPSNYIIVDSRGVFVAGMTSIPGLYPTAYKVCKFTEETEFATYRRQ
Botryotinia fuckeliana	40559	Nep1	BfNep1	yes		Q079H4	ABB43263		NEP-like effector	http://www.sciencedirect.com/science/article/pii/S1087184506001344	MHFSNAKFLSILAAAAAVKGAPIEESTIQARAVVPHDSINPWGENVPGNALGNTLKRFEPYLHIAHGCQPYSAVDGNGNTSGGLQDTGNVSAGCRDQSKGQTYVRGGWSGGRYGIMYAWYFPKDQPAAGNVVGGHRHDWEYVVAWVNNPEVANPTLIGAGASGHGSIKKTTNPQRQGDRLKVEYYVSFPTNHELQFTNTLGRDLPMMWYDFLPAVSKTALQNTNFGKANCPFNDANFNNNLAKARI
Cercospora beticola	122368	CbNip1; CBET3_03921; CB0940_03921	CbNip1	yes		A0A2G5HLK5	PIA93444		necrotrophic effector	https://library.wur.nl/WebQuery/wurpubs/fulltext/453825	MKTTIILALSALSGFALAGKDHSEHNCCFRNDRTGGTWATHPDLTKAACGDFPQGTYDNGVCTENINIRRIDGDAFFAACKSHSEDVHIVDKSNVGAGYRGTC
Colletotrichum gloeosporioides	474922	CgDN3	CgDN3	yes		O43115	AAB92221		virulence effector	http://apsjournals.apsnet.org/doi/abs/10.1094/MPMI.2000.13.9.929	MYSRSLLFFLLVVPFTAAVPVAEQKHNGKPIHVKVPGMGTGTYYPGDHGHDGNVAVYNLAHYGNVNGPKKGGKP
Colletotrichum graminicola	31870	CgEP1	CgEP1	yes	nucleus	A0A0P1KYU3	CUS27866		virulence effector	https://apsjournals.apsnet.org/doi/10.1094/MPMI-09-15-0209-R	MRFTTATLITLSFLAGNVVSAPTAPINDVAAPVEARAADFVDGAHLEARKNKKKKKEGKKDKKAKDNARDLTELEDRDADDVTIVEIRTPEFVADDAHNLEARKNKKKKKKGGKKDKKEKKAKDNARDLTELEARDEEASDAAQLEARKNKKKKKGGKKDKKEKKAKNNARDLTKLEARDEEAEDAAQLEARKNKKKKKGGKKDKKEKKAKNNARDLTELEARDEEAEDAAQLEARKNKKKKKGGKKDKKEKKAKNNARDLTELEARDEEADNAAQLEARKNKKKKKGGKKDKKEKKAKGAGAA
Colletotrichum graminicola	31870	Cgfl; GLRG_06543	Cgfl	yes		E3QKL1	EFQ31399		virulence effector	https://onlinelibrary.wiley.com/doi/full/10.1111/mpp.12347	MYRSMKSLALLGLLGPTSQVFAHPATGHAHNIGRRGVDIEAFRLPQVGSYTNATEIETTPPIALLKRESYVETATELVKKLAPNSEFRLVGDHYVGTNGIGHVNFKQTVHGLDIDNGDFNVNIGKDGKVFSYGNNFFKGEAPEASPLKKRDFKDPVSALKGAKDVLQLPVEAASASAEPKEGTEVYSIKGTSGTVSDPEARLVYFVKADGSLALSWRVETDITENWLLTYVDAETGTDVHGVVDYVSDLANYRVYPWGVNDPTEGDRVLVTDPWDISASPLTWQSDGTTNYTTTRGNNGIAQSNPSGGTAYLNNYRPTSAARNFDYQYTTSLTTPSSYIDASIAQLYYTANHYHDLLYTLGFTESAGNFQINNNGKGGVGNDFVVLFAQDGSGTNNANFLTPPDGSNGRMRMYLWTMSTPRRDCSFEAGVVIHEYTHGLSTRLTGGPANSNCLNALESGGMGEGWGDFFATAIRLKPTDTRATDYSMGAWVYNNPAGIRSVLYSTSMTTTPNTYSTINGVSSVHRIGETWATTLYEVLWNLIDKHGKNDGPRPEFDSNGVPTDGKYLTLKLVLDGMALQPCSPNFIQARDAILDADKALTGGDNLCELWTAFAKRGLGSNAVYSSSNRRDGFNVPAGVC
Colletotrichum higginsianum	80884	NIS1; CH063_03697	MoNIS1	yes		H1VZX9	CCF45791		virulence effector	https://www.pnas.org/content/116/2/496	MQFRASIAAAAGLFALANARIYGIAFPETVKAGDEVEAVITTENYIQAVQDIAIAFGIATEASAYPETLGNALGSFYLGPEESNTLENITETVTIPAGLAPGQYVVAAGLYSLYGASSSPTLSHYNVTVTVGNVTSETYVGSQR
Colletotrichum orbiculare	5465	CoDN3	CoDN3	yes	intracellular	L8AYJ0	BAM74640		virulence effector	http://apsjournals.apsnet.org/doi/abs/10.1094/MPMI-12-11-0316	MYASSFVVMLLAIPFAAAVPVAQQKHNGKPIHVKVPGVGTGEYWPGDHGHDGNVAVWNLAHYGKVTAPGKKGP
Colletotrichum orbiculare	5465	CoNIS1	CoNIS1	yes	apoplastic	H7CE97	BAL70334		virulence effector	http://apsjournals.apsnet.org/doi/abs/10.1094/MPMI-12-11-0316	MQFLTSLAAAASLVSLASARISGIALPQTVKAGDNINAIVVTEGYIQSVQDIAIAFGVAPAASAYPGTLSTLLGSFYLGPEQSNVQNNITEPITIPESLVPGEYVIAASLFSLYGASSSPTVSNYNVTVNVGNETSTTYVRSQFYVGNSNSTVCLGGYTRKI
Cronartium ribicola	27354	Cri-9402	Cri_9402	kind_of					virulence effector	https://apsjournals.apsnet.org/doi/10.1094/PHYTO-11-18-0427-R	MLLLIIAASLFLNVQANWDPATGYLWDFKPTASWLSQHKPKASSSNIQVAECSHNPRLPFPEVQVFAYFAVNHADDNNHGCPYGTCYAFTELPTTGDLEPDFTNSHLFLWHHLAGIPGVGTNPIANPQTGGFGYEGMNGAFHDGAAVTTEEQLDHDKNWSKNPLPHPWSSSVDLSKCVVTKGPVQPKCGRPQEPNHDPGQTPGAYGNYHPAPASHYFPPNPISGGSESPSSTNDPTTQPNVNPTTQPGKCAQYCQCVSSCGTNTSCQSGCGKSRQKCVGAQCS
Fusarium graminearum	5518	FGL1	FGL1	yes	apoplastic	Q6WER3	AAQ23181	3NGM	Lipase virulence effector	https://onlinelibrary.wiley.com/doi/full/10.1111/j.1365-313X.2005.02377.x	MRLLSLLSVVTLAVASPLSVEEYAKALDERAVSVSTTDFGNFKFYIQHGAAAYCNSEAPAGAKVTCSGNGCPTVQSNGATIVASFTGSKTGIGGYVATDPTRKEIVVSFRGSINIRNWLTNLDFDQDDCSLTSGCGVHSGFQNAWNEISAAATAAVAKARKANPSFKVVSVGHSLGGAVATLAGANLRVGGTPLDIYTYGSPRVGNTQLAAFVSNQAGGEFRVTNAKDPVPRLPPLIFGYRHTSPEYWLSGSGGDKIDYTINDVKVCEGAANLQCNGGTLGLDIDAHLHYFQATDACSAGGISWRRYRSAKRESISERATMTDAELEKKLNSYVEMDKEYIKTHARPLIIV
Fusarium graminearum	5518	FGSG_10999	FgXYLA	yes	apoplastic	I1S2K3	XP_011325371.1		Xylanase virulence effector	https://doi.org/10.1016/j.enzmictec.2008.12.005;https://academic.oup.com/gbe/article/7/6/1613/2465906	MVSFKSLLVAVSALTGALARPFDFLDERDDGNATSVLEARQVTGNSEGYHNGYFYSWWSDGGGYAQYRMGEGSHYQVDWRNTGNFVGGKGWNPGTGRTINYGGSFNPQGNGYLCVYGWTRGPLVEYYVIESYGSYNPGSQAQHRGTVYTDGDTYDLYMSTRYQQPSIDGVQTFNQYWSIRRNKRTSGSVNMQNHFNAWRSAGMNLGNHYYQILATEGYQSSGSSSIYVQTS
Fusarium oxysporum f. sp erythroxyli	61367	NEP1	FoeNEP1	yes		O42737	AAC97382.1		NEP-like effector	https://doi.org/10.1094/phyto.2002.92.8.833	MHPQTIFNALVALAATGMAAPSEALNNLHARAVVNHDSLNPVKKTIEGGAIGAAIDRWQPLLHIADGCQPYTAVDTNGNVSGGLQDSGSKTGGCKDTSKGQTYARAAMHNGKLAIMYAWYWPKDQPADGNLVSGHRHDWENVVVFIDNYQSPGATLYAAAASGHGDYKKTKNPQRSGNNVMAEYFTSFGKNHELQFKTSPGRTYWIYDWAAMTPAAQKGLITGPSGDPNKPWGSANVPFIDANFGNNLNKAWS
Fusarium oxysporum f. sp. cubense TR4	61366	Six8; EMT73492.1; FOC4_g10000520	FocSix8	yes		N1S9J7	EMT73492.1		virulence effector	https://www.sciencedirect.com/science/article/pii/S1878614618303714; https://bsppjournals.onlinelibrary.wiley.com/doi/full/10.1111/ppa.12184	MLDPPSIPSFPHILSYRIKSPGLLSPQFRFLNKSLRPYTLSILYTATMQPLRILLLFPLAVSVAATHIDKSLDQAATIEETVHQPHSHDERALVERDTSGILLACITGAGVAFQAYAGCYLTAFRNDPRTLTLRMDRTRGGGTSNVLVLLSGGALSHAVREVVQIMPGEVKSLATLGASTVQFINNW
Fusarium oxysporum f. sp. lycopersici	59765	Six1;Avr3	FolSix1	yes	intracellular	Q709D8	ACY39281; CAE55870		avirulence effector	https://onlinelibrary.wiley.com/doi/full/10.1111/j.1365-2958.2004.04177.x	MAPYSMVLLGALSILGFGAYAQEAAVREPQIFFNLTYTEYLDKVAASHGSPPDKSDLPWNDTMGSFPGNETDDGVQTETGSSLSRRGHIVNLRKREPFGEESRNDRVTQDMLQALHDLCVERFGTGYRAVSGLCYTDRRATRKIECNKPSVRERDRSVTRACPKGQECTTFNAYNFRNRHHQVTFPVCGPRIEVKDRHDIGIHTEWQGTWYPESPKSPGTYDYFAQMAGTLNGYFGYDGVYSDGYKTSSHGYGHSWSCINCPRGKVTITNTYRATWAFGYTSPH
Fusarium oxysporum f. sp. lycopersici	59765	Six10	FolSix10	yes		M1U969	AGG54051		probable virulence effector	http://www.biomedcentral.com/1471-2164/14/119	MKLLWLIPVVASTAIPDSGVSTGTKDLSKRDDAYIFDVTFRVGPAGANVAPFSGSVYVQDGLTPLVRSGSGSSISDRGYNAFRGIVYFTFTHGYNQYSASTRFGVYVDTGLIVDSNGRPIYGTAPRKACIDYSPHGPTDVCSVTITRSK
Fusarium oxysporum f. sp. lycopersici	59765	Six11	FolSix11	yes		M1UFR5	AGG54052		probable virulence effector	http://www.biomedcentral.com/1471-2164/14/119	MMFSKAIPISLLISTSHAINICCSSFAGHTCTKDQYNNHRQNVILNQIIDKDGVNCVRKGAGPGRWTRKGDWSEWYDCQQWNGPEQHQIEVGECTLFCVTPSGILNRPCI
Fusarium oxysporum f. sp. lycopersici	59765	Six12	FolSix12	yes		M1U296	AGG54053		probable virulence effector	http://www.biomedcentral.com/1471-2164/14/119	MLLQVQPTLAQASSCLSVGPKGISNQNACVCGGQCVMKDLVV
Fusarium oxysporum f. sp. lycopersici	59765	Six13	FolSix13	yes		M1TUD6	AGG54054		probable virulence effector	http://www.biomedcentral.com/1471-2164/14/119	MTRFHLILLPLLFSWFSYCLGELEVSDLSDQPPSVENTYRDQAFNEEELLKVVDELSVERTEHTERALVSEAAVQKRQDDEHPNGPCPRGGRLYVDSDEDSSCNAKWGTQTHNDVKTFGSTGSVCAGTFRRITCACCYTMHPITDNNVPRMDGIYCPKWEVCKQEPERWSKWGNRVSHTSCVQAKKLTEILIATKKVVKEYCTPKRWLPSAGKGKNAKFHTWAYNYSTGQLTTLKWMYLKLDGQYVKSAPGISEWGLTYSVNEHNAIELCGYPSDDMQRNSIDAELQWEATVQ
Fusarium oxysporum f. sp. lycopersici	59765	Six14	FolSix14	yes		M1T1Z7	AGG54055		probable virulence effector	http://www.biomedcentral.com/1471-2164/14/119	MHTEYLFLLLIPMGAVSQRILGCRMPNGSLNPSPNICNQAGGSFRSGSRGCCTRNTRDGPVVTESRFISGCNKNGGFVSSKEILATSC
Fusarium oxysporum f. sp. lycopersici	59765	Six2	FolSix2	yes		Q709E0	ACY39282; CAE55868		probable virulence effector	http://femsle.oxfordjournals.org/content/300/2/201; https://www.frontiersin.org/articles/10.3389/fpls.2015.00967/full	MLFKIAWVSLFTTWAISVAANPAGDSLPDDAHLPDRRLSPSEVQALKKAQIYPPGYIHKRVTFGEGKDAVEVPIVEADVEMLLNNEKGVKARSLAPRGSCFSFPTPARGSCMIDYCWRDDNGVIYSRGITITGSNGASNPTSMRSNDPANLSLNSVFNDGYNGWFPHGHACSNSDTQIYTNHRLLQGVNGVAYVDHVRCENCNFRNVNCLSDVLKNNLIAYSNGVASQSRCT
Fusarium oxysporum f. sp. lycopersici	59765	Six3;Avr2	FolSix3	yes		Q2A0P1	ACY39283; CAJ83999		avirulence effector	http://www.ncbi.nlm.nih.gov/pubmed/20507493	MRFLLLIAMSMTWVCSIAGLPVEDADSSVGQLQGRGNPYCVFPGRRTSSTSFTTSFSTEPLGYARMLHRDPPYERAGNSGLNHRIYERSRVGGLRTVIDVAPPDGHQAIANYEIEVRRIPVATPNAAGDCFHTARLSTGSRGPATISWDADASYTYYLTISED
Fusarium oxysporum f. sp. lycopersici	59765	Six4;Avr1	FolSix4	yes		Q2A0P0	ACY39284; BAM37636; CAJ84000		avirulence effector	http://journals.plos.org/plospathogens/article?id=10.1371/journal.ppat.1000061#ppat-1000061-g004	MNLKALVVIASVAVTSALPKGEEGDIIGTFNFSSSDSQPLKIHWVDTPDSSGSNLVKRSAHTESVCVHAGTATGADLHWLNAICTGKSTYTVNCAPAGNKNAGSTHTGTCPAGQDCFQLEQVGNFWGDREPDATCSPSNTVFDAVDDKEATHVNGKVVTRAGKPGIGRKLIRLKAQVYRRDGHYGQTSRMGFFRNGKEVYHIDNVASMEPTWNFDPSSDQSFSFFFTPGPNAFRIQGTLNLA
Fusarium oxysporum f. sp. lycopersici	59765	Six5	FolSix5	yes		C0LT61	ACN87967; ACY39285		virulence effector	http://femsle.oxfordjournals.org/content/300/2/201	MRFEYISVLALCGASLARDHQYCACQSGSGDSIDIDATTQLQNDNSKSYLWAQTSPAYWFADRHKPGPRFAGIYLKAANGKIDGDTFYNLCINNGGADSTCFDCSKSHQVRNVIYCDAA
Fusarium oxysporum f. sp. lycopersici	59765	Six6	FolSix6	yes		C9WMG8	ACN69116; ACY39286		virulence effector	http://femsle.oxfordjournals.org/content/300/2/201; https://pubmed.ncbi.nlm.nih.gov/24313955/	MKLALIASILAAGCVAGPLAQTESESADVAEHTINYIDIAPEEFEPPKANLSSLVSRDTLPVSTCPAGQKYDRSVCYKADKIRSFCVANPRSNREKITDTPCQPREICVQRNLSNGKSFAKCIPIVDLVEWKTSANGNKEGCTTTSVNPAGYHHLGTIVYDINKNPIEVDKISYFGEPGNVNEGIGGSTSYFSSDNFQFSKSRYMKSRDMRTFMT
Fusarium oxysporum f. sp. lycopersici	59765	Six7	FolSix7	yes		C9WMG9	ACN69117; ACY39287; AIY35187		probable virulence effector	http://femsle.oxfordjournals.org/content/300/2/201	MQVMKYLYLLFHFALFASAIPMLDLFPRQGQCFSTTGSTPPRPPPAAREVTFDITQNVNTFTSAASTPWTEGVGLSNIRYQWRAYYSTRQRTTFVEVRVFGTAEAQVVLLPDAPGTSRYRAIDSNVFRPNEEVTGGGLAGWGQVTTVCLQTWGRRGDITYRLRIQSKPKHSYPLEVIPERQYANRLMNARCYAKTHQMIYKPRGLADFRFHRLTQSVVNL
Fusarium oxysporum f. sp. lycopersici	59765	Six8	FolSix8	yes		C9WMH0	ACN69118		probable virulence effector		MQPLRILLLFPLAVSVAATPIDKSLDQAATIEETVHQPHSHDERALVERDTSGILLACITGAGSAFQAYAGCYLTAFRNDPRTLTLRMDKTRGERISNVLVILSGGALSHAVEEVVQIAPGAVRNLATLGASTVQFLHNFR
Fusarium oxysporum f. sp. lycopersici	59765	Six9	FolSix9	yes		M1T1Z3	AGG54050		probable virulence effector	http://www.biomedcentral.com/1471-2164/14/119	MKLLAVVATALAVFSTAEAQTTQVGCRALDTKNDGLLTELLLNPSARGAADPDLRYGFWDAKWRKCCNKYKECDKYYTFSYNHPYPWAYRQRRGTIRGQQFDFACVNWRTGACK
Fusarium oxysporum f. sp. Melonis 26406	1089452	Fom-2;FOMG_19011	Fom_2	yes	intracellular	W9ZT25	EXK24251.1		avirulence effector	http://onlinelibrary.wiley.com/doi/10.1111/nph.13584/abstract; http://www.sciencedirect.com/science/article/pii/S1087184515001280	MKSFTHILGAFLAMVALVTGAALPEESQLDTRTITESQALSIARRQGACISLDIVPRRVDRAHQTNFQWVIREEGRTDWNPNNHVHVLIDAQTTEFDHRLTVEITNRSQRFGNAVILSRYAGDTNTGPIQDQIRIPVGTAEGRTAAFVSRCIRLPSLQGTWWWQLEN
Glomus intraradices	4876	SP7	GiSP7	yes	nucleus	G0X6Y1	AEK82122		biotrophy-associated effector	http://www.sciencedirect.com/science/article/pii/S0960982211007172	MKFTTLACLAILGISTLNEVNAAPIAEIGLNNKRDSTPSYDYKDKKDKKDDYYGGKDDEYYGSKDDDYYGGKDDKYDDDKKKSSYRRSALASPGDKDDDYYGGKDDDYYGGKDDDYYGGKDDKYDDDKKKSSYKRSALASPGDKDDDYYGGKDDDYYGSKDDDYYGGKDDKYDDKKKSSYKRSASPGDKDDDYYGSKDDDYYGSKDDDYYGGKDDKYDDDKKKSSYRRSALASPGDKDDDYYGSKDDDYYGSKDDDYYGGKDDKYDDDKKKSSYKRSASPGDKDDDYYGSKDDDYYGGKDDKYDDKKKSSY
Golovinomyces orontii	62715	BEC2	GoEC2	yes		G9BES2	AEQ16464		virulence effector	http://onlinelibrary.wiley.com/doi/10.1111/mpp.12110/full	MQFTKLIVLAFVACVTATPSGLNFYVRRTDGGDDEAPLTCTEALQEIPKCALSCITQPPIDAGCKSADFACSCEKKTQKQITKAETPCVLKACGLKEALAASRAGKDVCGACNTSPNEPSDGHGDDGDDDSYEKSVDAEKTPEIPNSMQNSDV
Laccaria bicolor	29883	MiSSP7.2	MiSSP7_2	yes	intracellular	B0DD66	EDR07554		biotrophy-associated effector	http://www.pnas.org/content/111/22/8299	MKLLVPLNLLIAALAISPALSSPVPGEVGLVERGPIPNAVFRRVPEPNFFKDLLRALGQASQGGDLHR
Leptosphaeria maculans	5022	AvrLm1	LmAvrLm1	yes		Q258K5	CAJ29326		avirulence effector	http://onlinelibrary.wiley.com/doi/10.1111/j.1365-2958.2006.05076.x/abstract	MVQFKTIFLSTALAALFSTGSSSPATKNNVNQPLDNISRRSEWKSVQISPVKEHSAKTADNTENNHNLEKRVFTSPHMKRTFTLALENTFYAMAWLIDFSFSDDGEPHFSYKLQSFNHEDNPPKILADVVVPLITTSYNSANQYRGKANVELLCHLAKEYVHVYFSVEVFASGASFVIGKIIDYPTVYVNNQFRKVVKFDIAGAI
Leptosphaeria maculans	5022	AvrLm11	LmAvrLm11	yes		E4ZT77	CBX90019		avirulence effector	http://www.nature.com/ncomms/journal/v2/n2/full/ncomms1189.html	MRFLLPIFSATLAFAINEAFEGRPCCQKWIEQCKLEGAVGCMLADYNYCVVPSSTCQEQCNGFFGRNGRSTHGRDTEYVYQIHNMYTANEKDPTC
Leptosphaeria maculans	5022	AvrLm2; LmCys1	LmAvrLm2	yes		A0A0A0S3X0	AIW07468		avirulence effector	https://onlinelibrary.wiley.com/doi/full/10.1111/mpp.12228	MRLANFLFYLAPMIVSSLAFDFVPLSGELDFSQEMVFINLTQQQFSELHLQHQQWHQKNILKRYTLTELDEICQQYNANFRFNSGFCSGKDRRWDCYDLNFPTTQSERRVQRRRVCRGEHQTCETIDVINAFGAHARFPQCVHRFELPINDPIPYKDSYQGQYTVEKALDDSWEDILANTGGSHVDFSYQSGTQHYQGYGLTFACIHCIGGSILRMIHANDPARATVTIKFH
Leptosphaeria maculans	5022	AvrLm3	LmAvrLm3	yes		A0A0U2R974	ALS92799		avirulence effector	https://nph.onlinelibrary.wiley.com/doi/full/10.1111/nph.13736	MLKPTKVIQILFLLFTAFFARTCALECHAVAFSSDHQFSLGRNEDCNLYCSKNSMLSIFSRVLPLDDPCQGDDGFSSLTATIDQISCDTGCQCRCSVHATAWRVHKSGKRYSRRTGWVSCNLEDYVARITGRPFIPVNGALHEYFSRGFVSKDEVHCDHQ
Leptosphaeria maculans	5022	AvrLm4-7	LmAvrLm4_7	yes	intracellular	B9ZUL0	CAQ53119	4FPR	avirulence effector	http://onlinelibrary.wiley.com/doi/10.1111/j.1365-2958.2008.06547.x/abstract	MPLSLEIILTLLALSIPTITACREASISGEIRYPQGTCPTKTEALNDCNKVTKGLIDFSQSHQRAWGIDMTAKVQCAPCITTDPWDVVLCTCKITAHRYREFVPKIPYSSFSSAPGVIFGQETGLDHDPEWVVNMKARTRGCD
Leptosphaeria maculans	5022	AvrLm6	LmAvrLm6	yes	intracellular	A4F4L2	CAJ90695		avirulence effector	http://apsjournals.apsnet.org/doi/abs/10.1094/MPMI-20-4-0459	MVIYLPLYLLVLGIATTTISQPHLLCACESGRRDGVDDTRTLKVVKGTGGRFVFSSRYWTKAEGAPHEGNYAHAINGTITKKGTNIQAHDDGLIGGEEMNSLCPEHSTCFSPNLKAKSTHSCGPDGKYGCVSAWLSVNWEGQIQ
Leptosphaeria maculans	5022	AvrLmJ1; AvrLm5; Lema_uP070880	LmAvrLmJ1	yes		V5TFR9	AHB63016		avirulence effector	https://onlinelibrary.wiley.com/doi/full/10.1111/mpp.12105	MLYFLIYLKLLLFTICALAHDCHQVTVSRDVTLQNKERHDCNQVCASIDKETENKLNTDIIPRLTRYMSVKGNSIIARVQQSNSDPKCSCTWRAIIWRVYKAYDENSLNVALHVSHPNQQIGENPDWSLVISNPNVHCLKH
Magnaporthe oryzae	318829	AVR-Pia	MoAVR_Pia	yes	intracellular	R9RX08	AGM61352	2MYW	MAX avirulence effector	http://www.plantcell.org/content/25/4/1463	MHFSTIFIPFALAALKVSAAPARSCVYYDGHLPATRVLLMYVRIGNTATITARGHEFEVEAKDQNCKVILTNGKQAPDWLAAEPY
Magnaporthe oryzae	318829	AVR-Pii	MoAVR_Pii	yes	intracellular	C4B8B7	BAH59485		avirulence effector	http://www.plantcell.org/content/21/5/1573.full.pdf+html	MQLSKITFAIALYAIGIAALPTPASLNGNTEVATISDVKLEARSDTTYHKCSKCGYGSDDSDAYFNHKCN
Magnaporthe oryzae	318829	AVR-Pik	MoAVR_Pik	yes	intracellular	C4B8B8	AFJ38177; BAH59486; BAP47454		MAX avirulence effector	http://www.plantcell.org/content/21/5/1573.full.pdf+html	MRVTTFNTFLLTLGTVAVVNAETGNKYIEKRAIDLSRERDPNFFDHPGIPVPECFWFMFKNNVRQDAGTCYSSWKMDMKVGPNWVHIKSDDNCNLSGDFPPGWIVLGKKRPGF
Magnaporthe oryzae	318829	AVR-Pita	MoAVR_Pita	yes	intracellular	C1KJG7	ACO58447; BAJ15037; BAK40871		avirulence effector	http://www.sciencedirect.com/science/article/pii/S1087184510001490	MLFYSLLFFFHTVAISAFTNIGTFSHPVYDYNPIPNHIHGDLKRRAYIERYSQCSDSQASEIRAALKSCAELASWGYHAVKSNNRLFKLIFKTDSTDIQNWVQNNFNEIYKECNRDADEISLTCHDKNVYTCVREEVHNLAYALINEKEIVICPPFFNNPVNSREITAGNQDTIILHEMVHIILKEWKDYGCEWDGIHKLDSTESIRNPDSYAIFAQCARYKYC
Magnaporthe oryzae	318829	AVR-Pita2	MoAVR_Pita2	yes	intracellular	F7J181	BAK40880		avirulence effector	http://journals.plos.org/plospathogens/article?id=10.1371/journal.ppat.1002147	MLFYSFIFYFHTVAISAFTNIGTFSYPVYNSNPIPNHIHGDLKRRAYIEPYSQCSNSQDSEIRAALKSCAELASWAYHAVENDNRLFELIFKTDSTNIKNWVQNNFNEIHKECNRDADEISLSCHDTSVYTCVREGVHLLGYAKMYEKQVVLCPHFFDHPVNSREITAQNQDTVILHEMLHIILNEWEDYGYEWDGIHNLDSTTSIKNPDSYAIFAQCARYKYC
Magnaporthe oryzae	318829	Avr1-CO39	MoAvr1_CO39	yes	intracellular	Q8J180	AAO14615	2MYV	MAX avirulence effector	http://onlinelibrary.wiley.com/doi/10.1111/tpj.12099/abstract;jsessionid=4A92188F35B160C2109698774EFC9F50.f02t01	MKVQATFATLIALAAYFPAANAWKDCIIQRYKDGDVNNIYTANRNEEITIEEYKVFVNEACHPYPVILPDRSVLSGDFTSAYADDDESC
Magnaporthe oryzae	318829	AvrPi9	MoAvrPi9	yes	intracellular	A0A0A7DMM3	AIS23643		avirulence effector	http://onlinelibrary.wiley.com/doi/10.1111/nph.13310/abstract	MQFSQILTVLFLGVSVSALPAGGLPGSPGSAVQRCHCPPRGSHAHGSLAAREEAPEAEGDAKISARYTCPNCHKTGKGCDDGWCQVEKTHW
Magnaporthe oryzae	318829	AvrPib	MoAvrPib	yes	nucleus	A0A0H4ITX1	AKO62639	5Z1V	MAX avirulence effector	https://www.nature.com/articles/srep11642	MRSSTTFITIAFIAMQALGIAATQVTILKKGERITWVEVPKGESREFNIRGKYFTVSVSDDGTPSISGSKYTVE
Magnaporthe oryzae	318829	AvrPiz-t	MoAvrPiz_t	yes	intracellular	H2DQR0	AEX97148; CCC41985; CCD21890; CCD21891; CCD21894; CCD21896; CCD21897; CCD21899; CCD21901; CCD21903; CCD21905; CCD21907; CCD21910; CCD21911; CCD21912; CCD21914; CCD21916; CCD21918; CCD21920; CCD21922; CCD21924; CCD30939; CCD30940; CCD30941; CCD30942; CCD30944; CCD30945; CCD30946; CCD30947; CCD30948; CCD30949; CCD30950; CCD30951; CCD30952; CCD30953; CCD30954; CCD30955; CCD30956; CCD30957; CCD30958; CCD30959; CCD30960; CCD30961; CCD30962; CCD30963; CCD30964; CCD30965; CCD30966; CCD30967; CCD30968; CCD30969; CCD30970; CCD30971; CCD30972; CCD30973; CCD30974; CCD30975; CCD30976; CCF55412; CCF55413; CCF55414; CCF55415; CCF55416; CCF55417; CCF55418; CCF55419; CCF55420; CCF55421; CCF55422; CCF55423; CCF55425; CCF55427; CCF55428; CCF55429; CCF55430; CCF70761; CCF70762		MAX avirulence effector	http://www.plantcell.org/content/24/11/4748.long	MQFSTIITVCLFTGLASASFVQCNHHLLYNGRHWGTIRKKAGWAVRFYEEKPGQPKRLVAICKNASPVHCNYLKCTNLAAGFSAGTSTDVLSSGTVGSIGNDPQAQRQ
Magnaporthe oryzae	318829	Bas1; MGG_04795	MoBas1	yes	intracellular	G5EHI7	ACQ73206; EHA58149		biotrophy-associated effector	http://www.plantcell.org/content/22/4/1388	MHVFNFAALFTVLATFTATAAAADQGSNTFDQRYQGYPWRPANGPIREEKQENVGHRRGGAEYFTSGSPSIAAEDYSAKNAPSRFEQWKAQQKERAERKQDRGLNGIRRVENYYP
Magnaporthe oryzae	318829	Bas107	MoBas107	yes	intracellular	G4N9C5	EHA51166		biotrophy-associated effector	http://www.nature.com/ncomms/2013/130618/ncomms2996/pdf/ncomms2996.pdf	MHAFKFVQIWALLAIGAAAIPTPINLPAALTSQLEPRAEGGASAGDANNIQPQSQEKSPFICVWCGKDKGGSSALIGHEIHNHQDDEMVAWTGRDRRLNKYETDKEGYRYFKKYPGVRLPNRTWKGKGKRPE
Magnaporthe oryzae	318829	Bas2; MGG_09693	MoBas2	yes	intracellular	G5EI08	ACQ73207; EHA51344		biotrophy-associated effector	http://www.plantcell.org/content/21/4/1273	MVRVSTFAAILAMALSVTANVTPNDAGAKNVGTGNGQQFITGGCVNGTDCQSRCCAGNGENKGVCSNEVAANQNGKTGCGFEDPNKAQTVKEAKEQVKKQGF
Magnaporthe oryzae	318829	Bas3; SPD6; MGG_11610	MoBas3	yes		G5EHH0	ACQ73208; EHA49227		biotrophy-associated effector	http://www.plantcell.org/content/21/4/1273	MQFSTVSFAIFAILPAMVAAMPAETSPVPKPALPVFEELCPDAERQKCAESTDNLKRCLQINGASICVIDCGSQTTCRTQCKQQLKNEKANGFCTVGDNPCICNLNGAANSAH
Magnaporthe oryzae	318829	Bas4; MGG_10914	MoBas4	yes	apoplastic	G5EI20	ACQ73209; EHA48095		biotrophy-associated effector	http://www.plantcell.org/content/21/4/1273	MQLSFSAIAILLAFAVNHATADSHQNLVCVRTYPDNNSAENLEATRCACDWLKKNGKCDDCTIWENRLCHSDAKSLDGNEFEDACVRKCPNLGATGSSIPPA
Magnaporthe oryzae	318829	Iug6	MoIug6	yes		A0A0A7DLN4	AIP86908		virulence effector	https://journals.plos.org/plospathogens/article?id=10.1371/journal.ppat.1004801	MQFSTIQLFALMAVGAMANTVAPADVAAVDAPRAPLLVRRNCEGKNTQAECERFKWLTGCTWLRGSKYCSST
Magnaporthe oryzae	318829	Iug9	MoIug9	yes		A0A0A7DM22	AIP86909		virulence effector	https://journals.plos.org/plospathogens/article?id=10.1371/journal.ppat.1004801	MKFIYSTALISVLAVAIPTGRGLTSGLMRRESGEVSTNYIFTDDPAEGGKTTQKKKRESGEVSTNYIFTDDPAEGGKATQ
Magnaporthe oryzae	318829	MC69; SPD1	MoMC69	yes	apoplastic	G5EI17	EAQ71199; EHA46146		virulence effector	http://journals.plos.org/plospathogens/article?id=10.1371/journal.ppat.1002711	MKAAFVLALCASLASAWVVITPITKEMVVDRSPDDCFFGVVTPQGCGPLRGPAK
Magnaporthe oryzae	318829	MSP1	MoMSP1	yes	apoplastic	G4MKI0	XP_003710181		virulence effector	https://apsjournals.apsnet.org/doi/10.1094/MPMI-12-15-0266-R	MQFSNILSIFTLAAAAQAVSVSYDTGYDDGSRSLTAVSCSDGANGLITKYGWQTQGQIRNFPYIGGVDAVGGWNSPSCGTCWQLTYNGKSINVLAIDHASGFNIGLAAMNDLTNGQAGSLGRIEAQSQQVGLNACGL
Magnaporthe oryzae	318829	NIS1; MGG_02347	ChNIS1	yes		G4MQL4	EHA56504		virulence effector	https://www.pnas.org/content/116/2/496	MQLLATTLTFASGAAAYINSMSAPASVQRGQAFTAQLNSSIYVQNYDDFGVVWGLAPPNLNTSACVGCVGRRIGYTNLFGDKADVQVPPSGTVGVQVTVPADQAPGEYLLIAGASYLVGASGVTGFNYFNTTVQVCE
Magnaporthe oryzae	318829	Pwl1	MoPwl1	yes	intracellular	B9A9V1	BAH22184		avirulence effector	http://www.apsnet.org/publications/mpmi/backissues/Documents/1995Articles/Microbe08-939.pdf	MKFNKTIPLYILAFFSTAVIAGGRKWTNKVIYNDKGEREGSISIRKGAEGDFNCGPGYPGGPDRMVRVHEDNGNIRGMPPGYRLGPDDKEDKRDNQYYSRNGYHVGDGPAEYQNHGGGQWGDGYYGPPGEITNQHGKRQGDQGCHIM
Magnaporthe oryzae	318829	Pwl2	MoPwl2	yes	intracellular	Q01144	AAA91019		avirulence effector	http://www.plantcell.org/content/22/4/1388	MKCNNIILPFALVFFSTTVTAGGGWTNKQFYNDKGEREGSISIRKGSEGDFNYGPSYPGGPDRMVRVHENNGNIRGMPPGYSLGPDHQEDKSDRQYYNRHGYHVGDGPAEYGNHGGGQWGDGYYGPPGEFTHEHREQREEGCNIM
Magnaporthe oryzae	318829	Pwl3	MoPwl3	yes		Q01150	AAA80240		avirulence effector	http://www.apsnet.org/publications/mpmi/backissues/Documents/1995Articles/Microbe08-939.pdf	MKINTSILALTLALLPGMATAGRKWLNKKLWDANGQSAGSVSIVKGGQGSINTDTGPITAEGSYDIYERNGKIEGGPPGYKYTEDRYEDRKDDRYYNTHGYHVGDGPAEYGNYGGGHWGDGYYGPPGEFVKTSEYDD
Magnaporthe oryzae	318829	Pwl4	MoPwl4	yes		Q01152	AAA80241		avirulence effector	http://www.apsnet.org/publications/mpmi/backissues/Documents/1995Articles/Microbe08-939.pdf	MKINTSILALALALLPGMATAGRKWFNKKIYDENGESAGSLSVVKGGSGYINIGPSAPGQRDRLVEFRESGGKIQGGPPGYRYTSDHEEDQRDNRYYNTHGYHVGDGPAEYGDHGGGHWGDGYYGPPGEFVKTSEYED
Magnaporthe oryzae	318829	Slp1	MoSlp1	yes	apoplastic	G4N906	EHA51101		LysM virulence effector	http://www.plantcell.org/content/24/1/322.long	MQFATITTLLFAGVAAAMPQATPTSAAPPSATSTCTPGPVVDYTVQGNDTLTIVSQKLNSGICNIATLNNLANPNFIALGAVLKVPTAPCVIDNISCLAKQSDNNTCVSGVSPYYTIVSGDTFFLVAQKFNLSVDALQAANVGADPLLLQLNQVINIPICKN
Magnaporthe oryzae 7015	242507	BAS162; MGG_09379; SPD8	MoBAS162	yes		G4NI07	EHA47867		biotrophy-associated effector	http://www.plantcell.org/content/21/4/1273	MRSQALLAVLYASGAIAGGGTYIPKDPALAHRAPEKFPWSGLLNNPFMTKPVIWYQIGQIKIWTDTRDVTYVRDGTKFDTYDQCLSHCLKYSVFNKSKARSSGSQGQTSEYRGRRMHH
Magnaporthe oryzae 7015	242507	MoCDIP1; MGG_03356	MoCDIP1	yes		G4N8Y3	EHA50277		necrotrophic effector	https://apsjournals.apsnet.org/doi/10.1094/MPMI-05-12-0117-R; https://link.springer.com/article/10.1186/s12284-019-0312-z	MARFTSLIAAVLATIGAVKAQCGAGNPDARVTGSGNNFQAVRGSNTVYSGSDYRAAIQAALDSIGSGQRVAVIASGSIGANTISISSGKTFEGCGTINVGNRNGRGAIESLNTQGVKIPYLTMTGNPYFGLRFYGTRDLTLGQITMNLSGGLGIRFDRDNPDNFNVRMGTITVTGAGSHAVETWNIDGLVIDRVIARNVGESGLLVQKTRNAQIGIVDGNNVGTGTGYATLRFANNNGQNPNGNYNTNIWVDQVISRGGGRGVFCVSQSGAAVIRTVDLAKNGNNAILIENCYNLSIRGGTVNGGGEVRVAARSEFPNNRDLWITLRVDNTSVRESPCGTNVNWSLTGNGQRALC
Magnaporthe oryzae 7015	242507	MoCDIP2; MGG_05531	MoCDIP2	yes		G4MML4	EHA57786		necrotrophic effector	https://apsjournals.apsnet.org/doi/10.1094/MPMI-05-12-0117-R; https://link.springer.com/article/10.1186/s12284-019-0312-z	MKFNSGLLAGAAVLVAGVATAQDCISVALSAIPSCAQPCFLNGAPTIGCSGTDFKCQCQQQAKMFAAVESCVQKSCPESEFQKTIDGSDKVCTCASGGPASNNAGGAGNTVNPSSFIPGPTSTASPTTTVAAPTGTPSGRPSAVPTAAANMAAVECSIVVGAVGGALWVALGL
Magnaporthe oryzae 7015	242507	MoCDIP3; MGG_07986	MoCDIP3	yes		G4MX34	EHA55132		necrotrophic effector	https://apsjournals.apsnet.org/doi/10.1094/MPMI-05-12-0117-R; https://link.springer.com/article/10.1186/s12284-019-0312-z	MHPNTILLIAAGLLNGTAAFRCAIGSAGSCTFRKMPTEELTRCAITCNVRGLFAECSCPLNFPNRAEWIDTMRNECITQTQFSFRSQCQNADPNRVIRIKRPAELDSVSGLEE
Magnaporthe oryzae 7015	242507	MoCDIP4; MGG_10234	MoCDIP4	yes		G4MVX4	EHA55842		necrotrophic effector	https://apsjournals.apsnet.org/doi/10.1094/MPMI-05-12-0117-R; https://link.springer.com/article/10.1186/s12284-019-0312-z	MKSTTFLSLLAAPLAAQAHYIFSIVFVNGVQKGGDYTYIRKNSNTYMPSFTNDIVNSPDLRCNTGARANSGTQTLTVKAGDKIGFKLWYNEFIEHPGPGFVYMSKAPGSVASYDGSGDWFKAYETGLCGGQPNSDGAWCTWQKDRIEFTIPPRTPPGEYLVRVEHLAIHESHVGKGQFYMECAQFKVEGPGGGSPGPLVKIPGLYKASDPGIAYNKWTNNPARYVMPGPAVWADNGSSNPSNPPSNPPSNGGGGGGGSGSGAPLYGQCGGEGWTGPKTCAQGTCKVSNQYYSQCL
Magnaporthe oryzae 7015	242507	MoCDIP5; MGG_10234	MoCDIP5	yes		A0A151V4Q6	KYQ30546		necrotrophic effector	https://apsjournals.apsnet.org/doi/10.1094/MPMI-05-12-0117-R; https://link.springer.com/article/10.1186/s12284-019-0312-z	MAVARTPGRQQTNMQLTTILTTALACASTASAALNWSLQKASNPTTDQADAYNRIETAMRDAVARYHRHSPNASKTIRVYYAPGVPTAEASFNGDLRFGTNRAYMNTRTAMHEISHTLGVGTTNAFNNMCSSGNWPRALPLLRSFDGQGAVINCGGSHFWPYGLNYDNEWSETNAERHVRMVDAMIQDGIGR
Magnaporthe oryzae 7015	242507	MoHEG13; MGG_09378; SPD3	MoHEG13	yes		G4NI08	EHA47868		virulence effector	https://link.springer.com/article/10.1007%2Fs00299-016-1943-9	MLSLKTLLLVSVSCLAQLAAAHPLDNGGLEPRQQKICSPNGHTDGDLTNPNSLCTLCNSGCQRVAGQPACCS
Magnaporthe oryzae 7015	242507	SPD10; MGG_11991	MoSPD10	yes		G4MPQ6	EHA56405		virulence effector	https://onlinelibrary.wiley.com/doi/full/10.1111/mpp.12449	MQLLNIVLPLLLAGLVSAQAQCFDDLDCLFSGIENAKCAKATNTDLLGYETPPPCLLFTPKILGISADLFHNQSASRTCKGPA
Magnaporthe oryzae 7015	242507	SPD2; MGG_12942	MoSPD2	yes		G4N480	EHA52800		virulence effector	https://onlinelibrary.wiley.com/doi/full/10.1111/mpp.12449	MKPFTILATLLTVAGFTAAQSCRQLSADFCQCGTYCYRTRDGGCNPAGTFYGLCPLKRETTFEA
Magnaporthe oryzae 7015	242507	SPD4; MGG_14422	MoSPD4	yes		A4UBM2	EHA58489		virulence effector	https://onlinelibrary.wiley.com/doi/full/10.1111/mpp.12449	MNFPFKRRSRLVLILLFSCCWSLYTHHLTVDSHCPSLRSAVASRPGRQEVLEHNPCRKSDALVVITKNDESVPP
Magnaporthe oryzae 7015	242507	SPD5; MGG_02154	MoSPD5	yes		G4MP55	EHA56314		virulence effector	https://onlinelibrary.wiley.com/doi/full/10.1111/mpp.12449	MKFSILHIAAIILATATDLATGDLHHSAVCVTKRVNFFGHKTFQISPNATMCACTFYKGRNTGTNPWDKCEDCKYDGLKCTSENGTIGGDEFKYYCEKKCGAKGSEAD
Magnaporthe oryzae 7015	242507	SPD7; MGG_10335	MoSPD7	yes		G5EI30	EAQ71707		virulence effector	https://onlinelibrary.wiley.com/doi/full/10.1111/mpp.12449	MQVGQLVFVAIGLSLLHVVIAATDLTETDTIAGADTRLVPGCLVKLYRPPKYIGCFDRSILVGAKCIPVQTTWKIKGHDISVWNGCSTVKGINLPKGWFVKGESAQCKVWHRKQ
Magnaporthe oryzae 7015	242507	SPD9; MGG_15044	MoSPD9	yes		A0A151V4M0	KYQ30533		virulence effector	https://onlinelibrary.wiley.com/doi/full/10.1111/mpp.12449	MQFNNIVLLVAAMAGFALAMPAPKTQPFQCPDGFSVVKNACFPDLGPDGDHS
Melampsora larici-populina	203908	CTP1	MlpCTP1	yes	chloroplast_stroma	F4RQW4	XP_007411476		virulence effector	http://onlinelibrary.wiley.com/doi/10.1111/cmi.12530/full	MTFSLQVKNLVWAAVGIVVLLVTQVQSQGRAICQGALLKGYVTPNQRLLPPMWQGVTASGSGQCLSSKAFALGTQPNFAITSTGPLTCADRTYCPNPSNSATNPNTAICEGNTLKGYVTSNQRLLPPNWQGATASGSGQCLSSNAFAIGTQPNFEITASSQLRCGNGPNCP
Melampsora lini	5261	AvrL2	MlAvrL2	yes		A0A1B2CW13	ANY58853		avirulence effector	https://doi.org/10.1186/s12864-016-3011-9	MGKGNNIQTPCFRASQLRSFCLIAFLLCQSLQSIVSLPALSSKVELSAQKIKVQARVNQFVRENNRPPRRSELDVILSQENLKLKAGYLPPQSSTSHEDNWETLDKEIEEYRNGKSFKVEDLPKEEELVKYKADEVPPPRYDDYFIKTPK
Melampsora lini	5261	AvrL567-A	MlAvrL567_A	yes	intracellular	Q6R661	AAS66948	2OPC	avirulence effector	http://www.plantcell.org/content/16/3/755	MKINLSWKTYAVLSIVSLGGIHAMEHVPAELTRVSEGYTRFYRSPTASVILSGLVKVKWDNEQMTMPLFKWIGGEQAEELHFCVHIAHSSGPKLNRARSLGTVNSNMDQHWAQAQRNSGATRRTIEGFHLFENDIPNFPDYIKIKLVPKT
Melampsora lini	5261	AvrL567-B	MlAvrL567_B	yes	intracellular	Q6R659	AAS66949		avirulence effector	http://www.plantcell.org/content/16/3/755	MKINLSWKTYAVLSIVSLGGIHAMEHVPAELTGVSEGYTRFYRSSTASVILSGLVKVKWDNEQMTMPLFKWIGGEQAEELHFDVHIAHSSGRRLDRARTLGAVNSNMDQHWVEAYRSSGVTRCTIQDCHLFENDIPNFPDYIKIKLVPKT
Melampsora lini	5261	AvrL567-C	MlAvrL567_C	yes	intracellular	Q6R656	AAS66953		avirulence effector	http://www.plantcell.org/content/16/3/755	MKINLSWKTYAVLSIVSLGGIHAMEDVPAELTRVSEGYTRFYRSPTASVTLSGLVDVKWDNEQMTMPLFKWIGKEQAEELHFDVHLAHSSGRRLNSARILGAVNSNMDQHWVEAYRSSGVIRCTIQDCHLFANDIPNFPEYIKIKLVPKT
Melampsora lini	5261	AvrL567-D	MlAvrL567_D	yes	intracellular	Q1HBK6	ABF56216	2QVT	avirulence effector	http://www.plantcell.org/content/19/9/2898.long	MKINLSWKTYAVLSIVSLGGIHAMEDVPAELTGVSEGYTRFYRSPTASVTLSGLVNVKWDNEQMTMPLFKWIGGEQAEELHFCVHIAHSIGPKLNLARTLGTVNSNMDQHWAQAHRHSGATRRTIQDFHLFANDIPNFPDYIKIKLVPKT
Melampsora lini	5261	AvrM	MlAvrM	yes	intracellular	Q2MV46	ABB96264	4BJM	avirulence effector	http://www.plantcell.org/content/18/1/243	MMMISTKSKLRNIFLLLAIANVNFCVKGHPMNSAKLAEEVKDGVNQPEFDRGFLRPFGAKMKFLKPDQVQKLSTDDLITYMAEKDKNVRDLAIKLRDAKQDSTKNGTPEIKQKYDKAYEKTKAAAEKLVSEESLTRDALLELTEEQYVEKAALFDKDVYRNNLQRQTYERLLRSETDVSYREVARTFIAREGEPALNAKIERLALTLENNADTRSKLDYLAIAADFLKNQANLHADDPELNLYKAETKAREIKANRAMKEALEGADKLFERNKILKSPDMRYKSAGFQAFIDKMMAWLSKIMTTKSYIKSLAKP
Melampsora lini	5261	AvrM14	MIAvrM14	yes		A0A1B2CW89	ANY58851		avirulence effector	https://doi.org/10.1186/s12864-016-3011-9	MKFGIIFLALFFVTISHVLCAGNNDLKNVKAIAIVYRELSDGSQTVLLAKMKGLADEKGWMFVRGHVREDEEADPGVAAIRETQEETGFTGMVKKSGAPFTQPGSKDTQRVITIHPHIVQVQEASKSKDTEDTVKRQFLWVHPSEVRSKLQRAEMIQAWDQLHSFF
Melampsora lini	5261	AvrP123	MlAvrP123	yes	intracellular	Q2MV43	ABB96267; ACD49718		avirulence effector	http://www.plantcell.org/content/18/1/243	MLFKQCTALKFLIFILGFSIIAAQYVVDPGFGEIECMCGQIARLTQRPFDVECEATPSCSCDYRGDCPGPAAEYVYRCPTCGPRSHVGCFGVHQGTCEEVHPGIARVQYQNSDSESE
Melampsora lini	5261	AvrP4	MlAvrP4	yes	intracellular	Q2MV49	ABB96261; ACD49709		avirulence effector	http://www.plantcell.org/content/18/1/243	MLIMMGIPLRKIVLLSLIFGISIIPMMCEFLEDARDIQGFSRKSGSKLEEESDSSRDRQEKQAEAQKCTDISCNSNAQCSGQKCGDCLLEGNCSG
Moniliophthora perniciosa	153609	MpNEP1-1	MpNEP1_1	yes		A5JEL9	ABQ53551.1		NEP-like effector	http://www.sciencedirect.com/science/article/pii/S0953756207000421;http://pubs.acs.org/doi/abs/10.1021/bi201253b	MLYSSLLIVVLFIVTRSMSAPHQLPHDQIAKFPKSGGPLETQYQPALHIGNGCHSYPAVDVDGNWSGGLKPTGAPSAACKDTSKAQTYVRSATFQGKTALVYAWYMPKDEISTGIGHRHDWEGAVVFLNSDTQQIDGVAASAHGKWRKYPNPGGANIDDTHVKLQYSAEPVINSHALDLTDKGGDLPTLASWEGMGADARAAINERSHWGDANPPIADSLIDSSLSGAWMW
Moniliophthora perniciosa	153609	MpNEP1-2	MpNEP1_2	yes		A5H7H0	ABO32369.1		NEP-like effector	http://www.sciencedirect.com/science/article/pii/S0953756207000421;http://pubs.acs.org/doi/abs/10.1021/bi201253b	MQLQNFLSIVLLVVSGAIAGTVMDHDKIAKLPASGSPLETKFQPQLHIGNGCHSYPAVDAQGNWSGGLKPTGAPSAACKDTSKAQTYVRSATFQGKTALVYAWYMPKDEISTGIGHRHDWEGAVVFLNSDTQQIDGVAASAHGKWRKYPNPGGANIDDTHVKLQYSAEPVINSHALDLTDKGGDLPTLASWEGMGADARAAINERSHWGDANPPIADSLIGSSLSGAWMW
Parastagonospora nodorum	13684	Tox1	PnTox1	yes		H2E5X4	AEX93346; AEX93355		necrotrophic effector	http://journals.plos.org/plospathogens/article?id=10.1371/journal.ppat.1002467	MKLTMVLSVAFATLTFANEGILTFEGLGLARRQTICHTPGGSGCRASISGDQCCCTSCTPEDCSDLCKNGKQAAHEAQNQKKCAKCCNAGGESHELCCSIASAGIDCNPCPAGLRMC
Parastagonospora nodorum	13684	Tox3	PnTox3	yes		C5IAW5	ACR78113		necrotrophic effector	http://journals.plos.org/plospathogens/article?id=10.1371/journal.ppat.1000581	MHFTKFLLVVQAAATAIALALEPRGPGDIQLTREEHEAIFNGSPSDWTEDPNFKPDVPEQQRPATANDLSKRYIKANDINFGTRSVHDCRERTGIQRDVKVRADIPFETDDGPNQVLRVTWSNALNVDRFDPLPIVTVPGNAASTTITAIHDFCLMNPTTSPPTRCLYQLRQPFTLGFDRTRMHNNIYLTPPNPQRPTMHEVCIRADECPAGRVFLECSTRTYGAIPRGE
Parastagonospora nodorum	13684	ToxA	PnToxA	yes	chloroplast	Q0TVA4	EAT76059		necrotrophic effector	http://www.nature.com/ng/journal/v38/n8/abs/ng1839.html	MRSILVLLFSAAAVLAAPTPEADPGYEIVKLFEAANSSELDARGLSLDWTLKPRGLLQERQGSCMSITINPSRPSVNNIGQVDIDSVILGRPGAIGSWELNNFVTIGLNRVNANTVRVNINNTGRTNRLIITQWDNTLTRGDVYELFGDYALIQGRGSFCLNIRSDSGRENWRMQLEN
Passalora fulva	5499	AVR2	CfAVR2	yes	apoplastic	Q8NID8	AGD98923; AIZ11401; AIZ11402; AJF35002; CAD16675; CAD16676		avirulence effector	http://onlinelibrary.wiley.com/doi/10.1046/j.1365-2958.2002.03060.x/pdf	MKLFILTFIWLLTASEVIAAAKKLPGCDKDPCKVKEKSGKYKLKIGAKCSATCDGKLTRGGTCENVQGNHLCCFGLCG
Passalora fulva	5499	AVR4	CfAVR4	yes	apoplastic	Q00363	CAA55403; CAA69643		avirulence effector	http://www.nature.com/nature/journal/v367/n6461/abs/367384a0.html	MHYTTLLLSTLLVGTALAQPTNPPAKTPKKAPKTQPYNPCKPQEVIDTKCMGPKDCLYPNPDSCTTYIQCVPLDEVGNAKPVVKPCPKGLQWNDNVGKKWCDYPNLSTCPVKTPQPKPKKGGVGGKKASVGHPGY
Passalora fulva	5499	AVR4E	CfAVR4E	yes	apoplastic	Q5VB04	AAT28197; AGD98914; AGD98915; AGD98916; AGD98917; AGE81873		avirulence effector	http://onlinelibrary.wiley.com/doi/10.1111/j.1365-2958.2004.04288.x/abstract	MQFPTPHLLLTTLLATITTADFSRDCPPGSGVGNQAEWSARGVDGTAIPRELDAHSLCDCFKPFLNVLGCSVTSVVTERAVFVKGHLNYCARMSESVAGISPCKEWEIEVGGAHPERMANR
Passalora fulva	5499	Avr5	CfAvr5	yes	apoplastic	A0A023UJQ9	AHY02126		avirulence effector	http://apsjournals.apsnet.org/doi/abs/10.1094/MPMI-02-14-0050-R	MKSPIVITILATALGALGSYDALPINCRDTTNYCFNGNGRHEVCSYCNQAKEEPLKLGRRGGQRDCGVAGSQCNDVDHQQCDARCCSKIGSPTFYGVRCPYPY
Passalora fulva	5499	AVR9	CfAVR9	yes	apoplastic	P22287	AAA03344; CAA42824		avirulence effector	http://www.sciencedirect.com/science/article/pii/0885576588900434	MKLSLLSVELALLIATTLPLCWAAALPVGLGVGLDYCNSSCTRAFDCLGQCGRCDFHKLQCVH
Passalora fulva	5499	CfTom1	CfTom1	yes	apoplastic				virulence effector	http://onlinelibrary.wiley.com/doi/10.1111/nph.12208/full, https://www.ncbi.nlm.nih.gov/pubmed/18624637	MHTNAAKLGAVLMTALTSATDVPSTGLTPLRQLAQKTNFLIGSGAINPDYLKDPQFATVLAREFDSLSPENELKWTFVNPTPENYNWTGLDALVHFAEQNDMVVKGHGLISSCCNPEHVLDITSPAALNATLTSHFQAIMHRYAGKMDRWDVVTEALTVQTGTEEGPGGLQKNFFYNVSGPGYIADAFRIARAADADARLFINENQVEAYPGKRQDLYNLVAALVADHVPIDGVALQMHITEVAPVPGVIKAMVESYRALGLEVTVAELDVHTLNATKAAEIYGAVSREVLDAGVTDISFWGFTDKHAYTWIPGAKPLMFDEQYHAKASYNATHAAFVEEIGGK
Passalora fulva	5499	Ecp1	CfEcp1	yes	apoplastic	Q00364	CAA78400		avirulence effector	http://apsjournals.apsnet.org/doi/abs/10.1094/MPMI.1997.10.6.725	MHFVTSLIAGVAMLATASATVQGGAPVDDLKFAKKFNQNCQQISGGPNGAICPDGDLYWCKDGRAIFCQTCQTGCTADENGKVGYCNEGPTNPKCL
Passalora fulva	5499	Ecp2	CfEcp2	yes	apoplastic	Q00365	CAA78401		avirulence effector	http://apsjournals.apsnet.org/doi/abs/10.1094/MPMI.1997.10.6.725	MLFNAAAAAVFAPLLVMGNVLPRNAGNSPGSNRCDASTFNNGQDFDIPQAPVNDCRQMVENINRDSQFSVSHSWARPFGGYGDCAFNVRVIAGWRNGLVGGADAVDLLTDSVKNFGEANKVSSKGTYNQIVSAEGEVTCDSVDRGGQVRVQWIVASSSYNPSNDD
Passalora fulva	5499	Ecp4	CfEcp4	yes	apoplastic	Q9P408	ABM47072; CAC01609		avirulence effector	http://onlinelibrary.wiley.com/doi/10.1046/j.1365-313x.2000.00843.x/full	MQIPTSLLALTATLTFAVADPSFRFSEYGNGDTTCSPDNLISPSVSIDDGFGGCKQFPANTNSVQYALLEGSRAGCIVKLFTNNACNESADSEHVPAVGETKCQPPIGGGWQSVQVTCP
Passalora fulva	5499	Ecp5	CfEcp5	yes	apoplastic	Q9P407	ABM47073; CAC01610		avirulence effector	http://onlinelibrary.wiley.com/doi/10.1046/j.1365-313x.2000.00843.x/full	MNTFTLLLATLPLLAYGRGDNKPGQFNYICEDIPCDEEGVDSWILQACIGIGGTELTAHGGIYDTTGELVGRTAICLCARGQTKAHDYNISGDYPPGVAHLTFDVRAPYWCQSSG
Passalora fulva	5499	Ecp6	CfEcp6	yes	apoplastic	B3VBK9	ACF19427	4B8V	LysM virulence effector	http://onlinelibrary.wiley.com/doi/10.1111/j.1365-2958.2008.06270.x/abstract;jsessionid=F48ED147265653CBC254CA7673DF15EC.f01t02	MQSMILFAAALMGAAVNGFVLPRTDDPDCETKATDCGSTSNIKYTVVKGDTLTSIAKKFKSGICNIVSVNKLANPNLIELGATLIIPENCSNPDNKSCVSTPAEPTETCVPGLPGSYTIVSGDTLTNISQDFNITLDSLIAANTQIENPDAIDVGQIITVPVCPSSQCEAVGTYNIVAGDLFVDLAATYHTTIGQIKALNNNVNPSKLKVGQQIILPQDCKNVTTAVA
Passalora fulva	5499	Ecp7	CfEcp7	yes		A0A1P8YXP4	AQA29284.1		probable effector	http://onlinelibrary.wiley.com/doi/10.1111/j.1365-2958.2008.06270.x/abstract;jsessionid=F48ED147265653CBC254CA7673DF15EC.f01t02	MHLTFVLAVVVPAALGHYLTIYSNIGCRKGSQITTQDFGHERPGWTSGCKSISPSGRSIDMHFDNRGTDCTAKIYDDNACQHELIGMSGWVDPHTYGCLAHDDWGKGYVNSFRVDC
Phakopsora pachyrhizi	170000	CSEP-07	PpCSEP_07	yes		A0A0S1MJK1	AMS24278		virulence effector	https://www.frontiersin.org/articles/10.3389/fpls.2016.00269/full	MKLMQLIFYMLNILALTMAHNCCELSKMPTLPEIGVMSSKPVRPKPIQSTASKGTKFLPTTLCIIKCKFNICLAHANVINSVQIGNRMRESKGAVNLNAPRHHSF
Phakopsora pachyrhizi	170000	CSEP-09	PpCSEP_09	yes		AMS24280	AMS24280		virulence effector	https://www.frontiersin.org/articles/10.3389/fpls.2016.00269/full	MQGFFLVSIAVQVALVVAQGNTPTKVTAQPQVNNSSAPANASAIDLPKIIAVNCTQAYIEITDSSINGTTIGACKRFEDSEGSFCKPDDCIGSATCLSCKKVTVGATANSTVVSNSTVDSVVCRKDYFFPGPGSKSNQSLCTDEKDDNYICSGVCTSFASCSHCVSAKDPALAKLKEKSPKN
Phakopsora pachyrhizi	170000	CSEP-35	PpCSEP_35	yes		A0A142KWI6	 AMS24306		probable effector	https://www.frontiersin.org/articles/10.3389/fpls.2016.00269/full	MYHLTFVLFSLFFLSANGASTSEPSGQTLDCSHYTGANTKEATCNEFPGRICHGGCTGAVVASNCTLNPGEEPKDQTYTIAFGKSSATISICRNEKGSYSCTGPIKGSAKCSVCVDPPTGSDQSPTTPAPAPGNNGSTSKEGQTLQCTHFTGANTQSATCNEVPGRVCNKGCTSSVVATKCTLNPGDQESQQNCTQAFGKSSAAISICINDKGSFSCTGSVSGNATCSGCTDQSSSGSSEYPGSSGTTKPPTDPTGGENKDQDKKAEATSLQFAMSSFCLALSLMIGVAVL
Piriformospora indica	65672	PIIN_03211	PiFGB1	yes		G4TDB9	CCA69312		biotrophy-associated effector	https://www.nature.com/articles/ncomms13188	MKFTTVFVTLAIFASSAFAAAVADDETAVIARARSEDAAGSVDLLKRACNYNTPCKGYYWSKGLHCGDGNYGCVYGHVYQVGSDTNVCDYGVRTSCQKCGKLSC
Piriformospora indica	65672	PIIN_08944	PIIN_08944	yes		G4TUH1	CCA74964		biotrophy-associated effector	https://www.frontiersin.org/articles/10.3389/fpls.2015.00906/full	MFSFRKAATFVFFAGPFLLASAVPIEKMILPDLTEHFGKREKLVLPDLTEHFGRRDKLILPDLTEHFGKRDKLVLPDLTEHFGKREKLVLPDLTEHFGRRDKLVLPDLTEHFGKRKTHES
Puccinia graminis	5297	Shr8; PGTG_03101	PgShr8	kind_of		E3JYM0	EFP77145		virulence effector	https://apsjournals.apsnet.org/doi/full/10.1094/PHYTO-02-16-0083-R	MLAHGFVFVSVISLLVRSSLAIDCYPGTVVDSKECHRALSQIVYEKGDVLGTDSKHFGYIYGNCSIIVVNPKGASPSKRQIESGFNQILGKCKPESGGGNLPANEAVFLNIGNRGTGPYAPYESDFPFLKEACGLNTNAPDTKKEDCLKAYNSIPLSAEGQFLSDNHTETIKILKTYQTCTVHIYASDGSNIVATNGNVRPVFKKMLNQCNGKSGVVSMKKGVQGHNGRLFLKTRSSVPCGIDGENKQVCH
Puccinia graminis	5297	Shr9; PGTG_10642	PgShr9	kind_of		E3KIY9	EFP84264		virulence effector	https://apsjournals.apsnet.org/doi/full/10.1094/PHYTO-02-16-0083-R	MLVSSLLIVAGSVFGAVSAHTIQVNNNCGERFIMQVPGRGVVTSGGGGTWTYDGDTNGVIAAVGNNCEENGVPCTAAEFSLVSAVTSADITLIPPHQYNKSLRITLTNGLSKSCTSADCPDAFHTDGNDELYQIQESGNPNSGITLDFCI
Puccinia graminis f. sp. tritici	56615	AvrSr35	PgtAvrSr35	yes		A0A2I6B3G6	AUI41041.1		avirulence effector	https://science.sciencemag.org/content/358/6370/1604	MSHHFGLRKIKLLILLFLQVHGSQCAMRNFAADRVHGVESVISGSKSSSNPMALSKSMDKPDTSDLVDSNVQAKNDGSRYEEDFTAKYSEQVDHVSKILKEIEEQEPGTIIIDHKAFPIQDKSPKQVVNFPFPKKMITESNSKDIREYLASTFPFEQQSTILDSVKSIAKVQIDDRKAFDLQLKFRQENLAELKDQIILSLGANNGNQNWQKLLDYTNKLDELSNTKISPEEFIEEIQKVLYKVKLESTSTSKLYSQFNLSIQDFALQIIHSKYKSNQISQNDLLKLITEDEMLKILAKTKVLTYKMKYFDSASKMGINKYISTEMMDLDWQFSHYKTFNDALKKNKASDSSYLGWLTHGYSIKYGLSPNNERSMFFQDGRKYAELYAFSKSPHRKIIPGEHLKDLLAKINKSKGIFLDQNALLDKRIYAFHELNTLETHFPGITSSFTDDLKSNYRKKMESVSLTCQVLQEIGNIHRFIESKVPYHSSTEYGLFSIPKIFSIPIDYKHGEKENLVSYVDFLYSTAHERILQDNSINQLCLDPLQESLNRIKSNIPVFFNLASHSSPIKPSNVHEGKL
Puccinia graminis f. sp. tritici	56615	AvrSr50	PgtAvrSr50	yes					avirulence effector	https://science.sciencemag.org/content/358/6370/1607	MMHSIIFQTLLIITIVFSKVWGARSLVKIDWSGSEYTILGANHYEEPNTGAAAQFPGTMTVDDGRSPYIVRKLRNSSGKRFYVFTGHPQQPIVWNPHEEIEIQFNRKFLIAVLTEFEADSQVFNHFARRQHR
Puccinia graminis f. sp. tritici	56615	PGTAUSPE-10-1	PGTAUSPE_10_1	yes		E3KGM7	EFP83452		avirulence effector	http://apsjournals.apsnet.org/doi/abs/10.1094/MPMI-07-13-0187-FI	MHARQLVTILSICLSQAHARSIPTVSDPLEPIVRLVTTPHEVLGAAPDLKETEKAAIQQSPYLYSHQIAAGLAETTDSLHYLSSEPQTAFSSLMAGSLLGYYRTIMQDLPKETKESRLQIYRNSFYSRTRDVANHMGPEVWNTHATLAKKSLENGLQDVVLEFQKSQMTPAGDEKILNRIEILAQKFKNSKKHQEIMEEISKAVAHMKTHLPYNVNLGEMKYLSAEEVESALKGTNIGGHPDAIPVNYFLVHHEPATHQISPAKTPITNSRQAQLPPSQPKVATAPTAAAAA
Puccinia graminis f. sp. tritici	56615	PGTG_10537.2	PGTG_10537.2	yes		E3KIN4	EFP84159		avirulence effector	https://www.pnas.org/content/108/35/14676	MQVPPSEVATRPPRRDLVLSSVDHQVQRSTTHHDQLYWDTTTTTNNPRSYLMASTGYTLAHPADLDGETSYTFTCGKIDAGIAVLIGSHAHLIEFPSLLLPPGCEPGSIVSITCTRDNAAEKAQADSFWDLQTKIVDQFGVQSPQPPNLRLRSITQTSVTLEWDKLELAQCKLLSLSIWKNGQRLGTLPNPLNNTSTKLSGLDLDSEYTFHLVMKTTGGSFNSQQIKVKTHSLNDTSGINVCFGVIVPEELKDQSKEAIQQLDGRWSDKIQIDTTHFVCTMPYQPQHGPNKSAQPNTFPSLEYQRALQLSIPVVQPSWLQACLHERKMVPIAAHYLGAQPPPLGSSPTTIPSAGPSGRPRAASKSNIHSSTPISPSNTAEANSSSPGPSGASSRQHERANSAPTITTISDSGRLHDQIEKPSAGLAVIIESKDGDEVTSHKANGNMEGTSYNPDQSASSRHVRTESDSEKTLKLSTSDQFPQDQPHVPTPPKFSAALSDILKENVDSPAENDSSPSGHKPMEFPNPMSHILSDRPESTPNGDDKGAEEEAEPRSTHPTSSPPNNKLPGQTSGLAEQSQPSRGIVDDGEDDPFSAASPTISNPSPLGDRPSFSRSNSLNHGNFGGLLSPASNHLSPVIGPSTGPAPSAGSDENRATMIPDQPLEEKQEIPEVDRSVGRDQPAAPSPPSPTALDSLASPSKTIGENKPHANGGSSSEVFDEISIGSDSNQLPDDEDHEVSDSKGESGSGDTFFSTASVPLQPSHPDPTLHSDLIQPHNPALLSDLVHPNLQQQHQPTDLITSDLVEHSSPSSSPPPPNHLAD
Puccinia graminis f. sp. tritici	56615	PGTG_16791	PGTG_16791	yes		E3L2L4	EFP90765		avirulence effector	https://www.pnas.org/content/108/35/14676	MSTATIQPTIEDHQQHQTPPLIDLELASPSLAEEQEQEQQEQQEPEQQQQNSVDHSHTQQPTTPSQSESQTLQINTRNRASSWSLFRRNSISSDRPDSLPSNLLSRLTTPSQPSPPPSAPLSGPTITTTTADGSTNLRQTHSSTGSGSFSLSSLAFALKRPLNLNSTPSPSRLSPPQGSPQHSPSSTRSTHELSSRDADPDPTPSVPPRLVVESPSEDPPPVPFDFNLFLEQMRWPQAEPIAKYLRSFLKEFTKRAHHPTKQTGVAEQVKVVNDFLDFISIKMREIPDGPWDPRTCNEAEFDNAVEAMEKLVMNRVWHLTFTPALTTPQPSQTDDLERDTVLSQKMNLFNWLTDRHLDLSLPSDEADGFMEFAKTELLKINSYKAPRDKMICILNCCKVIFGLIRHIDQSEGGADTFIPILILVVLRAQPKTLISNLQYIQRFRNPDKMQGENGYYMSSLNAAISFIERLEHSVLSNITQEEFEYNVEQAIVSLPRSPVIENIKASSGGFSAFTQGASSSNSNMGGAGGEAGGTGGGGERADPSPTTATSNRTTTSTSLPDLTRSWLFTTVPQLAEKAVSKPLNAIARIVDDLASESDDLHPTERQGLRRASSSVEQPMVDPNRRGSRRGGRPWSADSPRSRHSDLGALDPSSSSSPTNTTRKLSSSSDLMPTGHEKSHLSSTDDRRLDQDLRRIEALKRAEHAAKLDTLAAIFPQLESELLEVVLITHRGTISKAIDSLLEMS
Puccinia striiformis	27350	PST_Pec6	PST_Pec6	yes					virulence effector	https://nph.onlinelibrary.wiley.com/doi/full/10.1111/nph.14034	MNITYLGTCFLVIATMLGNSDASGASTPKKCKKTIMHEKDKCWTIGCTEEVSTAKWRLQCDDKNCAHPVCSGDWTPTKAICFVCLGNR
Puccinia striiformis	27350	PstSCR1;PSTha2a5	PstSCR1	yes		A0A0L0VC34	KNE96524		avirulence effector	https://www.nature.com/articles/s41598-017-01100-z	MQSFNFFIVFAVLLINTQFISVKSFKCPGLHGTPSQTHGYCTRSITDEERKAKKIGKEFTMWKEEIKTVDGKFSCDKVDLNGSVATDSFCCDVAGRIGEVEKSKQAMWTNNCSKAS
Puccinia striiformis PST-78	1165861	Shr1; PSTG_00494	PsShr1	kind_of		A0A0L0W526	KNF06619		virulence effector	https://apsjournals.apsnet.org/doi/full/10.1094/PHYTO-02-16-0083-R	MFSSKQLITALTLVFLSINAVASMRSQCSEWAHPPNGGLSSSQTKKPIVAKLMSAENEAAHQARSIRRRNTPPGREGATIGGGPTSTCNDQGYDTYATDGVCLWNGDKQKDEVPSYLYAGWLNGGHKENCYRQLWVLGKKLPKHKAWVIDGCMFKENLDRNTGCATIWVTKMLFKKLGGLDGDDTVDIESWDFDGAWGN
Puccinia striiformis PST-78	1165861	Shr2; PSTG_01062	PsShr2	kind_of		A0A0L0W2D3	KNF05660		virulence effector	https://apsjournals.apsnet.org/doi/full/10.1094/PHYTO-02-16-0083-R	MDLMCRNFLLLVLLLGISKSRQEDPLKVKISTKDDFCLVVPKDPYTKIGDSEKPGGEAVWCQDSYGKTSPSNGVFNGKFWTDVEISKPQDGVIQMTGCINVNACDRLNPKDDGGQYDSNGGTNSQGNPAGSYCGNYHSYVQLIEPAANRACIRCCANPADCNLSNDERGCPVVVPGKYFTCG
Puccinia striiformis PST-78	1165861	Shr3; PSTG_01724	PsShr3	kind_of		A0A0L0W0P3	KNF05093		virulence effector	https://apsjournals.apsnet.org/doi/full/10.1094/PHYTO-02-16-0083-R	MIFNYRSIALLLLAAASEVASLKAGECGRSGDKAVCFSEAQYKGKDDLINAKYQEDGKICPDFDTPDFARTRCCKKDVLDKLKPDGDKVIKIPRASLVHGDINAPDQGDGNDCI
Puccinia striiformis PST-78	1165861	Shr4; PSTG_09266	PsShr4	kind_of		A0A0L0VDP6	KNE97432		virulence effector	https://apsjournals.apsnet.org/doi/full/10.1094/PHYTO-02-16-0083-R	MLSLPTLVFAFSVLSYVLAAPADLVPIVPPGVSFDNAPGPMMDFPLYCSENNCRHRKLIQGALPETAAPPAMLPPIPDVMTRKGVKIRKPSPIESRRINDFINSHLARPYTLHSDGFFSQRHKPCWTLDYALGRIRVFDDEDFLIYDSGFCHCVHQSASGCTCNAAELLTVTGGACLLAAWVALETSRTRG
Puccinia striiformis PST-78	1165861	Shr5; PSTG_10812	PsShr5	kind_of		A0A0L0V9C7	KNE95895		virulence effector	https://apsjournals.apsnet.org/doi/full/10.1094/PHYTO-02-16-0083-R	MSIKFITILLVLAFTSEAWGFKCGTAGKTNGVCATKKRKVFKSVTDATANGDELNCTTRASFCCDKKAAALSKNGQANGKTFLKACTSATGNAGTAAAPAAAPVN
Puccinia striiformis PST-78	1165861	Shr6; PSTG_14250	PsShr6	kind_of		A0A0L0UZ98	KNE92350		virulence effector	https://apsjournals.apsnet.org/doi/full/10.1094/PHYTO-02-16-0083-R	MFGSSTILLACSLLSYVLAAPARLSNLPSLDGTLSNAPSPSWQLTIDNGQIRNRRFMVEASAPKVEPPMSKQMACFDSKVGKPSIEQSEKIENYLKHCKTGKAYKVPENGDIYPMPKSDSTYGYIFGKVQFYDDCDRLIHETGCCYGKPSDREGYNAMESCCIVAGACYGCICCTAFSAILKNYRKVIAWMGRELGLSD
Puccinia striiformis PST-78	1165861	Shr7; PSTG_14695	PsShr7	kind_of		A0A0L0UXX8	KNE91898		virulence effector	https://apsjournals.apsnet.org/doi/full/10.1094/PHYTO-02-16-0083-R	MQYQFIILLLASLVAITQSAPPTPPTLPPPATAPPAPPKPVLPDSWPCQSGDKKTTHTFYAKDCTKAAKFLAKGTNSSASCNDCLIALLGPDNKLYQPTKAPSYDAIMASVMQIADGCRNTTAKAHLKRTDKKQDQVQVILGLSTTKKCDV
Pyrenophora tritici-repentis	45151	PtrToxA	PtrToxA	yes	intracellular	P78737	AAB61464.1	1ZLE;1ZLD	necrotrophic effector	http://www.plantcell.org/content/9/2/135	MRSILVLLFSAAAVLAAPTPEADPGYEIVKLFEAANSSELDARGLSLDWTLKPRGLLQERQGSCMSITINPSRPSVNNIGQVDIDSVILGRPGAIGSWELNNFITIGLNRVNADTVRVNIRNTGRTNRLIITQWDNTVTRGDVYELFGDYALIQGRGSFCLNIRSDTGRENWRMQLEN
Pyrenophora tritici-repentis	45151	ToxB	PtrToxB	yes		Q9C173	AAK31287; AAN39056; AAO49371; AAO73334; AAO73335; AAO73336; AAO73337; AAR29063; AAR29064; AAR29065; AAR29066; AAR29067; AAR29068	2MM0;2MM2	necrotrophic effector	http://apsjournals.apsnet.org/doi/abs/10.1094/MPMI.2001.14.5.675	MAPIFKTTMLLAVAILPAALVSANCVANILNINEAVIATGCVPAGGELRIFVGSSHSYLIKATSSCGLSLTNQVFINGESVQSGGRC
Rhizophagus irregularis	588596	RiCRN1	RiCRN1	yes	nucleus	A0A2H5RJD4	AYD49683		biotrophy-associated effector	https://www.frontiersin.org/articles/10.3389/fmicb.2018.02068/full	MSITLLCLIKGNTLANAFPVDIDKDQLVGHLKKVIKAEQPQTFANVDAKDLKLWRVPISDDHDDQLRNLSLEDSDELLAIRKISKYFPDSPPEECIHVLVEPPESTATSEVLKLREEVASLQALLNKSVAFDVVVSPKRTKGFKWTVNIEQATLDGLKEHIRKMEKPPALENDGAVLNIVNESGKYSPLNDQDLREMLQLFVSNKNLKFTVFIETPSKAFSDWTFSSVCQLYGLNGETEDPTMTVFPNFSCGNVKPSQESLEGLMAELKSRLDNTPISLLSVEATKSLYVYSYLLAGANNFKGKFEIRPQKVISGPNGHGPLDFAIDLCQTAKTVGVTEVKKDDFVKGVAQCAVQLESSLSYRKRKADEMEERTFGRVFGIVTDAEKFYFMECSMDDQDRPSFKLSKPVTVVYEDNDLQTKVEKVLEHIVWLLEEAQKPDSALDVKEREIKRVRSGELPKVTDLEGKTN
Rhizophagus irregularis	588596	SIS1	RiSIS1	yes		U9V5V1	XP_025179175		biotrophy-associated effector	https://apsjournals.apsnet.org/doi/10.1094/MPMI-10-15-0234-R	MKFILLLLFLLLNILTDVAQGIVIIPTKIQLSNSNLFWALDGSNVILSPNGIKWAIYNNEISPYGNDTVAVQYQGPGKQLAIANKGGPVEILEKWDVGSIIEPQIIPNVTICSIPVPSECATADGMKVIANDKHTAGDPNQLWTLESHF
Rhynchosporium secalis	38038	NIP1	RsNIP1	yes	apoplastic	Q02039	AAA86496; AAS84327; AAS84328; AAS84330; AAS84332; AAS84333; AAS84335; AAS84337; AAS84342; AAS84348; AAS84354; AAS84360; AAS84366; AAS84382; AAS84383; AAS84385; AAS84387; AAS84388; AAS84391; AAS84392; AAS84394; AAS84395; AAS84396; AAS84399; AAS84401; AAS84405; AAS84406; AAS84407; AAS84408; AAS84409; AAS84410; AAS84411; AAS84413; AAS84415; AAS84416; AAS84418; AAS84421; AAS84423; AAS84440; ABR92629		avirulence effector	http://www.ncbi.nlm.nih.gov/pmc/articles/PMC394499/	MKFLVLPLSLAFLQIGLVFSTPDRCRYTLCCDGALKAVSACLHESESCLVPGDCCRGKSRLTLCSYGEGGNGFQCPTGYRQC
Rhynchosporium secalis	38038	NIP2	RsNIP2	yes		I1VGT7	AFI43935; AGW29190; AGW29191; AGW29192; AGW29193; AGW29194; AGW29195; AGW29196; AGW29197; AGW29198; AGW29199; AGW29200; AGW29201; AGW29202; AGW29203; AGW29204; AGW29205; AGW29206; AGW29207; AGW29208; AGW29209; AGW29211; AGW29212; AGW29213; AGW29214; AGW29219; AGW29225; AGW29228; AGW29256; AGW29257; AGW29258; AGW29259; AGW29260; AGW29261; AGW29262; AGW29263; AGW29264; AGW29265; AGW29266; AGW29267; AGW29268; AGW29269; AGW29270; AGW29271; AGW29272; AGW29274; AGW29275; AGW29276; AGW29278; AGW29280; AGW29283; AGW29284; AGW29285; AGW29286; AGW29287; AGW29288; AGW29289; AGW29290; AGW29293; AGW29294; AGW29295; AGW29297; AGW29298; AGW29300; AGW29302; AGW29303; AGW29305; AGW29306		necrotrophic effector	http://apsjournals.apsnet.org/doi/abs/10.1094/MPMI-03-12-0065-R	MKYLSILTACVAVTHAYYVVVCVPRDGAEIGDVEWAIQNRRHDLALGGKGFWRGHSTSCHRNANAVVDVVALCRSDPYIGAHPTVLKYGASVLCQASGAPDWPTCTVNC
Rhynchosporium secalis	38038	NIP3	RsNIP3	yes	apoplastic	I1VGT8	AFI43936; AGW29312; AGW29321; AGW29322; AGW29323; AGW29324; AGW29325; AGW29327; AGW29328; AGW29330; AGW29332; AGW29333; AGW29339; AGW29340; AGW29341; AGW29363; AGW29364; AGW29365; AGW29374; AGW29376; AGW29381; AGW29382; AGW29384; AGW29385; AGW29387; AGW29389; AGW29390; AGW29391; AGW29392; AGW29393; AGW29395; AGW29397; AGW29398; AGW29401; AGW29402; AGW29404; AGW29414; AGW29416; AGW29417; AGW29418; AGW29419; AGW29420; AGW29421; AGW29422; AGW29423; AGW29424; AGW29425; AGW29426; AGW29427; AGW29428; AGW29429; AGW29430; AGW29431; AGW29432		necrotrophic effector	http://apsjournals.apsnet.org/doi/abs/10.1094/MPMI-03-12-0065-R	MLPKTLIICLLATTAQAACGDVYTIKGNCTIRDYKCKYPRVPSCNSKGACPYLHLFDVPIFCDQDKDCVTSYKCNKNYKRSPLNLGPFYEDGDLVAKEEGEGGEGDSELVEEDDE
Sclerotinia sclerotiorum	5180	SSITL;SS1G_14133	SsSSITL	yes	apoplastic	A7F952	XM_001584800		virulence effector	http://journals.plos.org/plosone/article/asset?id=10.1371/journal.pone.0053901.PDF	MLLKPLALFSSLALATAIPNPLEKRAPYQARILDTGTTFVEEHNGWWQLIDATGDGRPDLAYIKNKNTGTGYVEVHIASSSSNFQTRILEVGTTFAQEDNGTWRLFKSSNSVLPDLVYIKTQNTPSGKVEVHIASGASTYKTRTVEVVTSFGNEQDGQWNVYDYDGDGKPDLVFIKTSNTGTGTTELFVASASSNYQTRLISTGTTFTVENNGFWQLGPYSANGDLIYIKDANTGTGTTEVHIASRASGYKTRLLDVGSTFTQEQNGVWQLIDFNANGKLDLTYIKYQNTGTGTVEVHVASG
Sclerotinia sclerotiorum	5180	SsSSVP1; SS1G_02068	SsSSVP1	yes		A7E9T8	XP_001597872.1		virulence effector	http://journals.plos.org/plospathogens/article?id=10.1371/journal.ppat.1005435	MKVVLFISALAATLSAAAPLEPRQSIWGKPTDVSVQYCYNDFPCINAREAWQSCQVSSLPGSYSQITDPEARNTVVAQCLCDNKIVNETASCISCLSYASGNFLVLDTVEQHAQDMCDKKTTLSQYENYVYQFGGLLQFPLILPSTWLSGTKVNLPDQILIKD
Sporisorium reilianum	72558	SAD1	SrSAD1	yes		E6ZS92	CBQ70099		virulence effector	http://www.plantphysiol.org/content/169/4/2789	MNLLPFKLVLALSLLLLTLSGCHCASGSQSGGGNHNVEVDEQAAQDLRARVAHLERHFKLGPNWFGETRGPHVAQEVARSQLRLTSAKFMVHHDPADYRFNLAYTPVSYRMPDSADWKHGILMLRVVPHQPTQVLDLVDFPEGLAQREVEGYWGRFYGAVDKTREDILREYGEPALHLSV
Sporisorium reilianum f. sp. reilianum	72559	Pit2; srs_10529; SRS1_10529	SrrPit2	yes		A0A2N8U9K1	SJX61461.1		virulence effector	https://academic.oup.com/gbe/article/10/5/1247/4999068	MLVHSARAFVAALLLGLVLHVHAIQMPAMRRSLSSHADAGAAGGSTLGKLARRWFFNFGGSLAPLDAVPIFEIPKSLIKTHKPAEVTKWEVFLQRVHRKHPDWTHVHWTTDGPVGYKGH
Sporisorium reilianum f. sp. zeae	72740	Pit2; sr10529	SrzPit2	yes		E6ZU78	CBQ70785.1		virulence effector	https://academic.oup.com/gbe/article/10/5/1247/4999068	MLVHSARAFVAALLLGLVLHVHAMPAMRRSLSSHADAGAAGGSTLGKLARRWFFDFGGALSRWDVAPILRIPEDVAKAHSRAEVARWEVYLERVHREHPDWQYVHWTDNGPIGYKSH
Uromyces fabae	55588	RTP1	UfRTP1	yes	intracellular	Q334H6	CAI96535		biotrophy-associated effector	http://apsjournals.apsnet.org/doi/abs/10.1094/MPMI-18-1130	MSNLRLLFTIISLAAIARAQLVGSDVVLVRTSHQSMGKASVSYCREMTRQHHKRELDQDANPGHRRHKSEPEGVKPSNHTSAPTPSSPPLTTVDLTPAKLNTACYPGTFQAPLLEDCEVVIRAQLYNSTGSLQVSPGDYVFVSYGTCATVFQNPQYSKYSLQYNWAELGYVGGKLAGRCLLPEDHSMGGTAVFDTYLGRTYPDVIISLQRFDDRDFIIPE
Ustilago hordei	120017	UhAvr1	UhAvr1	yes		I2FS85	CCF49778		avirulence effector	http://www.plantcell.org/content/24/5/1733.full.pdf+html	MRSFSLFLVLCIWVIGVIAPGDKASSSAAPAQQHQPSFKLEIAENPNVDPFLEKISKLGNSHDLYPHVALMRTTLYGKDKLTTNLGAYPDFRRFIYLGNSPGVPEMYFAVPLHLNPHGVDRNLAWSLIYAHSDQPKTLVHHGFVSASGGHLVLDKVKKTNYPSSRSFEIGDVLTLREILDIELPALRFAG
Ustilago maydis	5270	Cmu1	UmCmu1	yes	nucleus	Q4P6P3 (deprecated)	EAK85224		virulence effector	http://www.nature.com/nature/journal/v478/n7369/full/nature10454.html	MKLSVSIFVLLAVSAFGGGSAAAVSGKSEAAEIEAGDRLDALRDQLQRYETPIIQTILARSALGGRAPSEQDEVRAALSRNAFEPSEVISEWLQTESGARFRSTRPLPPAVEFITPVVLSRDTVLDKPVVGKGIFPIGRRPQDPTNMDEFLDTSLLSLNQSSTVDLASAVSLDVSLLHLVSARVLLGYPIALAKFDWLHDNFCHILTNTTLSKSQKLANIIQQLTDHKQEVNVLSRVEQKSKSLSHLFRNDIPYPPHTQDRILRLFQAYLIPITTQIEAAAILDHANKCT
Ustilago maydis	5270	Pep1	UmPep1	yes	apoplastic	G0X7E8	AEK86680; AEK86685; AEK86686; AEK86687; AEK86690; AEK86692; AEK86694; AEK86695		virulence effector	http://journals.plos.org/plospathogens/article?id=10.1371/journal.ppat.1000290	MMTTLVQTTLLSLALVLLGSTVPVHADAAGAVPLPNFKVDPQPLASTFYWFSSVEVGVCYNPQARVGSIKGALHCTHQENYDRDNNSYTLPQTCVALKPLGKAFSSNVRDSCTNAKGIFNVIVPASSNALGSQAYDAVQAKGGTGGTGTDDDTSAPDSNDQEKKGGGLLGGIGSMFGM
Ustilago maydis	5270	Pit2	UmPit2	yes	apoplastic	Q4PET8 (deprecated)	KIS71480		virulence effector	http://journals.plos.org/plospathogens/article?id=10.1371/journal.ppat.1003177	MLFRSAFVLLIVAFASACLVQHVQAIPVRRSLSTDASMSSAAGKLNRRWWFGFTGSLGKEPDNGQVQIKIIPDALIIKNPPANKDDLNKLIENLKRKHPRFKTVVMPTDPNGDVVIWE
Ustilago maydis	5270	See1	UmSee1	yes	intracellular	Q4PCC4 (deprecated)	EAK83361		virulence effector	http://www.plantcell.org/content/27/4/1332.long	MLFTTFVSLLLVILCLVHVSAHPLQSFRSSSAIGKQKHKIKSRQFEEEIAQGAEDSIELFEFPRVHDSSEQIHERTEQQNITTKNIILAINKNSRKHGGLHRLPAQVQGEGEFTYDRQRNAVGSYRYGDSHGNSREAEYSVADHQSASGEYKFGPTT
Ustilago maydis	5270	Tin2	UmTin2	yes	intracellular		KIS66302		virulence effector	http://elifesciences.org/content/3/e01355#api_box	MNRLQSYTRVFIALVLFSMVCNCFATGGFDYENLASSSSSSGHHDYRLESSPMGRFQTKDYANLLNSRLKDMGWGSEPLAKGLLVPREDLESFVSSVQDVLKTESGQKGLLYLGNTPDSRKVHAVLLKGAQSRSPNIAIISTPKVWRSLNQKIQLHTFAQIDNSNLFDLHQLLQHDFNYSQLDSLARNALPKTPQSEFDNLLPRFPL
Ustilago maydis 521	237631	eff1-1	Umeff1_1	yes		Q4PDL7	CBV36767		virulence effector	https://nph.onlinelibrary.wiley.com/doi/full/10.1111/j.1469-8137.2010.03413.x	MGLRLRILALLLAVSVVAAWPYPSGNHPDNADGARRGEQSPLPGFSVAHPSSPQNEFDPDLLRSLLAKIESEASSHPHVAFQGDGHYYPNVNQPSSLYQASQHGFGSLSRDKGQVGSSQARESFSDTQGLSSSAEPAFKYRKTVQRVADALRQFQANNRLEGAQALRDIIQRHPQLDTTSGSQSQGFRNNFGAAPSVPSRESQGGTIHHGPGDTKVVDIPSDRIEAQTTAEESHESQPLAGHGDGRYRSLPASRADELRKIPTTMLALPPPSRTRYIYDQVDDPAIRDNINNQVFAGKLVWIDRARIPASRIVSSRKQMFRPHRVLPMTNFPEIHLSDGKGSIKDVRFTFHGGGSYRLMSWPEGYNLVEGQNYLAFWGIPEGRQTGRPMLMQNYGYAFLPPQHRLEVNEHLWALKKEIADKASEATWMHA
Verticillium dahliae	27337	Ave1	VdAve1	yes		H9DUR1	AEZ51498; AFB18185; AFB18186; AFB18187; AFB18188		avirulence effector	http://www.pnas.org/content/109/13/5110.long	MKLSTLGALISLTSLVTADLGTASYYNPPYLPTACGGSNPSQFPSGNLFVAVSDGLWDNGAACGRRYRIKCLSGARGSCKDGMIDVRVVDRAKTTVTKAAHKATMILSQDSYDAIVNQWKGTRHKAVNIEFRQI
Verticillium dahliae	27337	PevD1; VDAG_02735	VdPevD1	yes		G0Y276	ADW79419	5XMZ	avirulence effector	https://link.springer.com/article/10.1007%2Fs00299-013-1546-7	MQFTLAAAAALFGASALAAPASPGSTGAPPDPNMYENIDIADFNVRKGEDGTIKYVNFKLSGDDADGLLCEAQNPGLPSNVITCGESKYRFALSSGKQYEFALSLYHELGLAVGFYGTGEIFTHCRAGGLGDFICQQQNPTTIVIDSLPDAPAEA
Verticillium dahliae	27337	Vdlsc1	Vdlsc1	yes	intracellular	G2X4M1	EGY23665		virulence effector	http://www.nature.com/ncomms/2014/140826/ncomms5686/full/ncomms5686.html	MSSFRSMLGVPPSTASTQDSVLVIIDAQGEYAEGKLKISNIEASRPNISSLLEKYRAANAPIVHVVHETPAGAPLFTQGTKLAEIFDELTPKEGEAVVTKHHPGSFADTNLQEILEKSGKKKIVLVGYMAHVCVSTTARQGAQRGWDVIVAEDAVGDRDIPGVDAAQLVKVALAEIADVFGTLVSSKDIN
Verticillium dahliae	27337	VdNEP	VdNEP	yes			AAS45247.1		NEP-like effector	https://www.ncbi.nlm.nih.gov/pubmed/15294839	MLPSAVFSVFALVGSALAQQPPKVNHDSINPVRDTLGPNGDMIRKFQPLLHIAHGCQPYSAVNTRGEVNAGLQDSGTTAGGCKETSKGQTYARSMTLNGQFGIMYAWYWPKDQPADGNLASGHRHDWENVVIWFNSNNANQAGILRGAASGHGDYKKVNNPQRNNNNLHVEYFTSLGKNHELQFKTSPGRTYWIWDWDRMDTTVQGALNRADFGSANCPFNNNNFERNMRAAF
Verticillium dahliae	27337	VdSCP7; VDAG_07157	VdSCP7	yes	nucleus	G2X9W2	EGY15993		avirulence effector	https://nph.onlinelibrary.wiley.com/doi/full/10.1111/nph.14537	MKTCVIATLVGVAMSAPAMRTSMDAPMMEMANSRPMDMDMGSSTPAMRNTMNMKDASSSMGMAKRERVEMGNMAPTMKKTKGMKMGSMAPAMKTGMATRSTMDMDMANRNSATKGMEKNKDVDAIVAAMLMEMAHRRPVAGMVRRQSEEAFQGVVEECKTKLASGEVTSLDNCVLDTLGINRRQVTGDQDQLAQITQECTEKTPNGKSTRIQGVHY
Zymoseptoria tritici	1047171	AvrStb6	ZtAvrStb6	yes					avirulence effector	https://doi.org/10.1111/nph.14434	MRSILQGLLAFALAVGVQARVSCGGIGDLCKAGDSCCNYPGTDCFQDGQYPRCHTACGHFQFGFCHDGKQCNCQVILGCGCV
Zymoseptoria tritici	1047171	Mg1LysM	Mg1LysM	yes					LysM virulence effector	http://www.plantphysiol.org/content/156/2/756.long	MQFTALVAALLSVAAVQAQRNPITITPQFDCGATNSQQYVARSGDTLTKIAQEIYHDVVGVCDIARANNLADPNRIDAGTPYTIPINCQTYDRNSCL*
Zymoseptoria tritici	1047171	Mg3LysM	Mg3LysM	yes	apoplastic	F9XMT4	EGP83639		LysM virulence effector	http://www.plantphysiol.org/content/156/2/756.long	MQNIFLAATLLGAAFAAPQNPPTSCSAAPQPTGTGSPGTVCGSTTFTNYTVKAGDTLGAIAKQYNSGVCDIAKVNGIDNPDYIKPDQVLSIPANCVTPDNTSCVKPVPVITNTCVLGVGSTYTVKSGDSFSAIATSFNITLASLEARNPQIPNYDLIFPGQVINTPLCPNSVCDSIGTYVIESGDIFYNLAQSNNVTVGQLESLNVNVNVTDIHPGDIIILPHNCHNITASA*
Zymoseptoria tritici	1047171	MgxLysM	MgxLysM	yes					LysM virulence effector	http://www.plantphysiol.org/content/156/2/756.long	MKVTTIIAALLSVAVVDAQNNAQCRKLGLPCHATKTIPYVVKKGDTLTHIAHDIYKRKVGICDLAYTNHIGYNPDLIYEDQTLLIPTDCKTIDDGSCLKKHVS*
Zymoseptoria tritici	1047171	Zt103264;MYCGRDRAFT_103264	Zt103264	yes		F9X3Q1	XP_003855527		virulence effector	http://journals.plos.org/plospathogens/article?id=10.1371/journal.ppat.1005055	CSHVGDHLISYECCCTIDHNDAILDSPYTSAGSEEYATCEVPYRHAISHLTGTAIPRSKSCVHLLQHRLVCLGTYTWRIRLCGGLFGEVAGIALAGNLAHNEERGASDFV
Zymoseptoria tritici	1047171	Zt6	Mycgr3G38105	yes	intracellular	F9X693	XP_003854384.1		necrotrophic effector	http://biorxiv.org/content/early/2017/04/24/130393	MRFSLLSSALLFATAAFSAPVAEPAELEIRQQATYCGNQYYSASQVSAAVNKGYNYYANGQQVGSGNYPHQYNNREGFSFAVSGPYQEFPILASGSTYSGGSPGPDRVVFNTRGQWGGTITHTGASNNNFVGCSGTS
Zymoseptoria tritici	1047171	Zt80707; MYCGRDRAFT_80707	Zt80707	yes		F9XB78	XP_003852719.1		virulence effector	http://journals.plos.org/plospathogens/article?id=10.1371/journal.ppat.1005055	MHSNPDRSWADVVSWESIWKCAATAMMDASLTQSVASSPIHFKLLSDRSSSSKSVRETVPCSCQSLSAKDLLEKSSCLRESDSSRLRSLDPEKSPLPCHGHHSAMSQPSKESVVDSSPHSTSQL
Zymoseptoria tritici	1047171	Zt89160; MYCGRDRAFT_89160	Zt89160	yes		F9WZ47	XP_003857501.1		virulence effector	http://journals.plos.org/plospathogens/article?id=10.1371/journal.ppat.1005055	MVGERRGTRTPDLERRGEPRMTEIPGASTGRGHVWIVAAGLNAHRQLLDSQPDDLTSFQKIHEGNDSDVNVWFASWSNTIFATDAGLRGIGHQKVLDNSKVLLVSPVGDHDGVLLALDSDGQLYRAEEQTEQGIVAMVCRSTDSPSIGRLAYAENGRVAITIKQAPNGNLCHVEEFKDLETFLRWFQDPSGDGNYPERHFMLPGRPKQLKAGTGIFVLLMESGQVYTWGDSRYRSLGRSVTGDGSKSADEPAVLEALDGLHIKKVDCCGWMSAALSDDGALYLWGITSPSDDVKIGALAAGEDEEVALVELPGDGSEPLDVVDVALGVEHIAVLAESGRLFVTGDKSCGQLGLGDKQKSAECWQEVTLPSIEIEAVFCGPRSTLALVRSSPA
Zymoseptoria tritici	1047171	ZtNIP1	ZtNIP1	yes					necrotrophic effector	https://www.sciencedirect.com/science/article/pii/S1087184515000572?via%3Dihub	MLFTQSLTLVALLTTSALASPLAQNGGGTAGTTGLRNNCDGSTFVPVTGSAGNAPSKWDCQLLRDGYIAKQNKSWLISGPRIIGTVRTCQFSATVDVSGTSGWIGRDDIMDLMKDSLNLWKDGETTQVQGQMQVGESGDVNCVAGKNGEGQKVRIAWTLGHS
Zymoseptoria tritici	1047171	ZtNIP2	ZtNIP2	yes		F9XCA2	XP_003852196		necrotrophic effector	https://www.sciencedirect.com/science/article/pii/S1087184515000572?via%3Dihub	MKLLSLATSALLATHVSARSTFFSISDAAPLDANLAIPGENPLEHCADPKDDILALKKVDLNPNPPRAGTELTITASGILSEDVGEGAKIQLQVKYGLITIINQSADLCETVKNVDLECPLKKGKMSLTKAVKLPAQIPPGNYHVSADVVSKDGDKVTCLKASVEFKRGGAVVYKQGL
